[2m2026-06-01T07:13:54.852842Z[0m [33m WARN[0m [2my_sweet[0m[2m:[0m No auth key set. Only use this for local development!
Use the following connection string to connect to y-sweet:

   ys://127.0.0.1:8080

For example, the y-sweet examples expect this connection string as an environment variable:

    cd examples/nextjs
    CONNECTION_STRING=ys://127.0.0.1:8080 npm run dev

[2m2026-06-01T07:13:54.854337Z[0m [32m INFO[0m [2my_sweet[0m[2m:[0m Listening on ws://127.0.0.1:8080
[2m2026-06-01T07:14:00.109436Z[0m [32m INFO[0m [2my_sweet::server[0m[2m:[0m Loading doc [3mdoc_id[0m[2m=[0m"instasync-vault"
[2m2026-06-01T07:14:00.109634Z[0m [32m INFO[0m [2my_sweet_core::sync_kv[0m[2m:[0m Persisting snapshot [3msize[0m[2m=[0m8
[2m2026-06-01T07:14:00.126692Z[0m [32m INFO[0m [1msave_loop[0m[1m{[0m[3mdoc_id[0m[2m=[0m"instasync-vault"[1m}[0m[2m:[0m [2my_sweet::server[0m[2m:[0m Received signal. done: false
[2m2026-06-01T07:14:00.126723Z[0m [32m INFO[0m [1msave_loop[0m[1m{[0m[3mdoc_id[0m[2m=[0m"instasync-vault"[1m}[0m[2m:[0m [2my_sweet::server[0m[2m:[0m Throttling.
[2m2026-06-01T07:14:00.126761Z[0m [32m INFO[0m [2my_sweet::server[0m[2m:[0m Loading doc [3mdoc_id[0m[2m=[0m"bbe8fd6d-5e18-4d43-8c09-59df7cc7860c"
[2m2026-06-01T07:14:00.126888Z[0m [32m INFO[0m [2my_sweet_core::sync_kv[0m[2m:[0m Persisting snapshot [3msize[0m[2m=[0m8
[2m2026-06-01T07:14:03.251295Z[0m [32m INFO[0m [2my_sweet::server[0m[2m:[0m Loading doc [3mdoc_id[0m[2m=[0m"smoke-test"
[2m2026-06-01T07:14:03.251386Z[0m [32m INFO[0m [2my_sweet_core::sync_kv[0m[2m:[0m Persisting snapshot [3msize[0m[2m=[0m8
[2m2026-06-01T07:14:08.422967Z[0m [32m INFO[0m [1msave_loop[0m[1m{[0m[3mdoc_id[0m[2m=[0m"bbe8fd6d-5e18-4d43-8c09-59df7cc7860c"[1m}[0m[2m:[0m [2my_sweet::server[0m[2m:[0m Received signal. done: false
[2m2026-06-01T07:14:08.422992Z[0m [32m INFO[0m [1msave_loop[0m[1m{[0m[3mdoc_id[0m[2m=[0m"bbe8fd6d-5e18-4d43-8c09-59df7cc7860c"[1m}[0m[2m:[0m [2my_sweet::server[0m[2m:[0m Throttling.
[2m2026-06-01T07:14:10.120905Z[0m [32m INFO[0m [1msave_loop[0m[1m{[0m[3mdoc_id[0m[2m=[0m"instasync-vault"[1m}[0m[2m:[0m [2my_sweet::server[0m[2m:[0m Persisting.
[2m2026-06-01T07:14:10.120935Z[0m [32m INFO[0m [1msave_loop[0m[1m{[0m[3mdoc_id[0m[2m=[0m"instasync-vault"[1m}[0m[2m:[0m [2my_sweet_core::sync_kv[0m[2m:[0m Persisting snapshot [3msize[0m[2m=[0m154
[2m2026-06-01T07:14:10.121364Z[0m [32m INFO[0m [1msave_loop[0m[1m{[0m[3mdoc_id[0m[2m=[0m"instasync-vault"[1m}[0m[2m:[0m [2my_sweet::server[0m[2m:[0m Done persisting.
[2m2026-06-01T07:14:10.136466Z[0m [32m INFO[0m [1msave_loop[0m[1m{[0m[3mdoc_id[0m[2m=[0m"bbe8fd6d-5e18-4d43-8c09-59df7cc7860c"[1m}[0m[2m:[0m [2my_sweet::server[0m[2m:[0m Persisting.
[2m2026-06-01T07:14:10.136486Z[0m [32m INFO[0m [1msave_loop[0m[1m{[0m[3mdoc_id[0m[2m=[0m"bbe8fd6d-5e18-4d43-8c09-59df7cc7860c"[1m}[0m[2m:[0m [2my_sweet_core::sync_kv[0m[2m:[0m Persisting snapshot [3msize[0m[2m=[0m114
[2m2026-06-01T07:14:10.136795Z[0m [32m INFO[0m [1msave_loop[0m[1m{[0m[3mdoc_id[0m[2m=[0m"bbe8fd6d-5e18-4d43-8c09-59df7cc7860c"[1m}[0m[2m:[0m [2my_sweet::server[0m[2m:[0m Done persisting.
[2m2026-06-01T07:14:10.877807Z[0m [32m INFO[0m [1msave_loop[0m[1m{[0m[3mdoc_id[0m[2m=[0m"bbe8fd6d-5e18-4d43-8c09-59df7cc7860c"[1m}[0m[2m:[0m [2my_sweet::server[0m[2m:[0m Received signal. done: false
[2m2026-06-01T07:14:10.877830Z[0m [32m INFO[0m [1msave_loop[0m[1m{[0m[3mdoc_id[0m[2m=[0m"bbe8fd6d-5e18-4d43-8c09-59df7cc7860c"[1m}[0m[2m:[0m [2my_sweet::server[0m[2m:[0m Throttling.
[2m2026-06-01T07:14:13.267304Z[0m [32m INFO[0m [1msave_loop[0m[1m{[0m[3mdoc_id[0m[2m=[0m"smoke-test"[1m}[0m[2m:[0m [2my_sweet::server[0m[2m:[0m Received signal. done: false
[2m2026-06-01T07:14:13.267329Z[0m [32m INFO[0m [1msave_loop[0m[1m{[0m[3mdoc_id[0m[2m=[0m"smoke-test"[1m}[0m[2m:[0m [2my_sweet::server[0m[2m:[0m Persisting.
[2m2026-06-01T07:14:13.267304Z[0m [32m INFO[0m [1mgc_loop[0m[1m{[0m[3mdoc_id[0m[2m=[0m"smoke-test"[1m}[0m[2m:[0m [2my_sweet::server[0m[2m:[0m doc has only one reference, candidate for GC. checkpoints_without_refs: 1
[2m2026-06-01T07:14:13.267336Z[0m [32m INFO[0m [1msave_loop[0m[1m{[0m[3mdoc_id[0m[2m=[0m"smoke-test"[1m}[0m[2m:[0m [2my_sweet_core::sync_kv[0m[2m:[0m Persisting snapshot [3msize[0m[2m=[0m8
[2m2026-06-01T07:14:13.267749Z[0m [32m INFO[0m [1msave_loop[0m[1m{[0m[3mdoc_id[0m[2m=[0m"smoke-test"[1m}[0m[2m:[0m [2my_sweet::server[0m[2m:[0m Done persisting.
[2m2026-06-01T07:14:20.122369Z[0m [32m INFO[0m [1msave_loop[0m[1m{[0m[3mdoc_id[0m[2m=[0m"instasync-vault"[1m}[0m[2m:[0m [2my_sweet::server[0m[2m:[0m Received signal. done: false
[2m2026-06-01T07:14:20.122396Z[0m [32m INFO[0m [1msave_loop[0m[1m{[0m[3mdoc_id[0m[2m=[0m"instasync-vault"[1m}[0m[2m:[0m [2my_sweet::server[0m[2m:[0m Persisting.
[2m2026-06-01T07:14:20.122404Z[0m [32m INFO[0m [1msave_loop[0m[1m{[0m[3mdoc_id[0m[2m=[0m"instasync-vault"[1m}[0m[2m:[0m [2my_sweet_core::sync_kv[0m[2m:[0m Persisting snapshot [3msize[0m[2m=[0m154
[2m2026-06-01T07:14:20.122892Z[0m [32m INFO[0m [1msave_loop[0m[1m{[0m[3mdoc_id[0m[2m=[0m"instasync-vault"[1m}[0m[2m:[0m [2my_sweet::server[0m[2m:[0m Done persisting.
[2m2026-06-01T07:14:20.137822Z[0m [32m INFO[0m [1msave_loop[0m[1m{[0m[3mdoc_id[0m[2m=[0m"bbe8fd6d-5e18-4d43-8c09-59df7cc7860c"[1m}[0m[2m:[0m [2my_sweet::server[0m[2m:[0m Persisting.
[2m2026-06-01T07:14:20.137850Z[0m [32m INFO[0m [1msave_loop[0m[1m{[0m[3mdoc_id[0m[2m=[0m"bbe8fd6d-5e18-4d43-8c09-59df7cc7860c"[1m}[0m[2m:[0m [2my_sweet_core::sync_kv[0m[2m:[0m Persisting snapshot [3msize[0m[2m=[0m116
[2m2026-06-01T07:14:20.138325Z[0m [32m INFO[0m [1msave_loop[0m[1m{[0m[3mdoc_id[0m[2m=[0m"bbe8fd6d-5e18-4d43-8c09-59df7cc7860c"[1m}[0m[2m:[0m [2my_sweet::server[0m[2m:[0m Done persisting.
[2m2026-06-01T07:14:23.276702Z[0m [32m INFO[0m [1mgc_loop[0m[1m{[0m[3mdoc_id[0m[2m=[0m"smoke-test"[1m}[0m[2m:[0m [2my_sweet::server[0m[2m:[0m doc has only one reference, candidate for GC. checkpoints_without_refs: 2
[2m2026-06-01T07:14:23.276700Z[0m [32m INFO[0m [1msave_loop[0m[1m{[0m[3mdoc_id[0m[2m=[0m"smoke-test"[1m}[0m[2m:[0m [2my_sweet::server[0m[2m:[0m Received signal. done: false
[2m2026-06-01T07:14:23.276740Z[0m [32m INFO[0m [1mgc_loop[0m[1m{[0m[3mdoc_id[0m[2m=[0m"smoke-test"[1m}[0m[2m:[0m [2my_sweet::server[0m[2m:[0m GCing doc
[2m2026-06-01T07:14:23.276752Z[0m [32m INFO[0m [1msave_loop[0m[1m{[0m[3mdoc_id[0m[2m=[0m"smoke-test"[1m}[0m[2m:[0m [2my_sweet::server[0m[2m:[0m Persisting.
[2m2026-06-01T07:14:23.276765Z[0m [32m INFO[0m [1msave_loop[0m[1m{[0m[3mdoc_id[0m[2m=[0m"smoke-test"[1m}[0m[2m:[0m [2my_sweet_core::sync_kv[0m[2m:[0m Persisting snapshot [3msize[0m[2m=[0m8
[2m2026-06-01T07:14:23.276795Z[0m [32m INFO[0m [1mgc_loop[0m[1m{[0m[3mdoc_id[0m[2m=[0m"smoke-test"[1m}[0m[2m:[0m [2my_sweet::server[0m[2m:[0m Exiting gc_loop
[2m2026-06-01T07:14:23.277176Z[0m [32m INFO[0m [1msave_loop[0m[1m{[0m[3mdoc_id[0m[2m=[0m"smoke-test"[1m}[0m[2m:[0m [2my_sweet::server[0m[2m:[0m Done persisting.
[2m2026-06-01T07:14:23.277193Z[0m [32m INFO[0m [1msave_loop[0m[1m{[0m[3mdoc_id[0m[2m=[0m"smoke-test"[1m}[0m[2m:[0m [2my_sweet::server[0m[2m:[0m Received signal. done: false
[2m2026-06-01T07:14:23.277197Z[0m [32m INFO[0m [1msave_loop[0m[1m{[0m[3mdoc_id[0m[2m=[0m"smoke-test"[1m}[0m[2m:[0m [2my_sweet::server[0m[2m:[0m Throttling.
[2m2026-06-01T07:14:30.124945Z[0m [32m INFO[0m [1msave_loop[0m[1m{[0m[3mdoc_id[0m[2m=[0m"instasync-vault"[1m}[0m[2m:[0m [2my_sweet::server[0m[2m:[0m Received signal. done: false
[2m2026-06-01T07:14:30.124975Z[0m [32m INFO[0m [1msave_loop[0m[1m{[0m[3mdoc_id[0m[2m=[0m"instasync-vault"[1m}[0m[2m:[0m [2my_sweet::server[0m[2m:[0m Persisting.
[2m2026-06-01T07:14:30.124982Z[0m [32m INFO[0m [1msave_loop[0m[1m{[0m[3mdoc_id[0m[2m=[0m"instasync-vault"[1m}[0m[2m:[0m [2my_sweet_core::sync_kv[0m[2m:[0m Persisting snapshot [3msize[0m[2m=[0m154
[2m2026-06-01T07:14:30.125449Z[0m [32m INFO[0m [1msave_loop[0m[1m{[0m[3mdoc_id[0m[2m=[0m"instasync-vault"[1m}[0m[2m:[0m [2my_sweet::server[0m[2m:[0m Done persisting.
[2m2026-06-01T07:14:30.140507Z[0m [32m INFO[0m [1msave_loop[0m[1m{[0m[3mdoc_id[0m[2m=[0m"bbe8fd6d-5e18-4d43-8c09-59df7cc7860c"[1m}[0m[2m:[0m [2my_sweet::server[0m[2m:[0m Received signal. done: false
[2m2026-06-01T07:14:30.140523Z[0m [32m INFO[0m [1msave_loop[0m[1m{[0m[3mdoc_id[0m[2m=[0m"bbe8fd6d-5e18-4d43-8c09-59df7cc7860c"[1m}[0m[2m:[0m [2my_sweet::server[0m[2m:[0m Persisting.
[2m2026-06-01T07:14:30.140528Z[0m [32m INFO[0m [1msave_loop[0m[1m{[0m[3mdoc_id[0m[2m=[0m"bbe8fd6d-5e18-4d43-8c09-59df7cc7860c"[1m}[0m[2m:[0m [2my_sweet_core::sync_kv[0m[2m:[0m Persisting snapshot [3msize[0m[2m=[0m116
[2m2026-06-01T07:14:30.140827Z[0m [32m INFO[0m [1msave_loop[0m[1m{[0m[3mdoc_id[0m[2m=[0m"bbe8fd6d-5e18-4d43-8c09-59df7cc7860c"[1m}[0m[2m:[0m [2my_sweet::server[0m[2m:[0m Done persisting.
[2m2026-06-01T07:14:33.290622Z[0m [32m INFO[0m [1msave_loop[0m[1m{[0m[3mdoc_id[0m[2m=[0m"smoke-test"[1m}[0m[2m:[0m [2my_sweet::server[0m[2m:[0m Persisting.
[2m2026-06-01T07:14:33.290659Z[0m [32m INFO[0m [1msave_loop[0m[1m{[0m[3mdoc_id[0m[2m=[0m"smoke-test"[1m}[0m[2m:[0m [2my_sweet_core::sync_kv[0m[2m:[0m Persisting snapshot [3msize[0m[2m=[0m8
[2m2026-06-01T07:14:33.291205Z[0m [32m INFO[0m [1msave_loop[0m[1m{[0m[3mdoc_id[0m[2m=[0m"smoke-test"[1m}[0m[2m:[0m [2my_sweet::server[0m[2m:[0m Done persisting.
[2m2026-06-01T07:14:40.126910Z[0m [32m INFO[0m [1msave_loop[0m[1m{[0m[3mdoc_id[0m[2m=[0m"instasync-vault"[1m}[0m[2m:[0m [2my_sweet::server[0m[2m:[0m Received signal. done: false
[2m2026-06-01T07:14:40.126941Z[0m [32m INFO[0m [1msave_loop[0m[1m{[0m[3mdoc_id[0m[2m=[0m"instasync-vault"[1m}[0m[2m:[0m [2my_sweet::server[0m[2m:[0m Persisting.
[2m2026-06-01T07:14:40.126951Z[0m [32m INFO[0m [1msave_loop[0m[1m{[0m[3mdoc_id[0m[2m=[0m"instasync-vault"[1m}[0m[2m:[0m [2my_sweet_core::sync_kv[0m[2m:[0m Persisting snapshot [3msize[0m[2m=[0m154
[2m2026-06-01T07:14:40.127465Z[0m [32m INFO[0m [1msave_loop[0m[1m{[0m[3mdoc_id[0m[2m=[0m"instasync-vault"[1m}[0m[2m:[0m [2my_sweet::server[0m[2m:[0m Done persisting.
[2m2026-06-01T07:14:40.142168Z[0m [32m INFO[0m [1msave_loop[0m[1m{[0m[3mdoc_id[0m[2m=[0m"bbe8fd6d-5e18-4d43-8c09-59df7cc7860c"[1m}[0m[2m:[0m [2my_sweet::server[0m[2m:[0m Received signal. done: false
[2m2026-06-01T07:14:40.142182Z[0m [32m INFO[0m [1msave_loop[0m[1m{[0m[3mdoc_id[0m[2m=[0m"bbe8fd6d-5e18-4d43-8c09-59df7cc7860c"[1m}[0m[2m:[0m [2my_sweet::server[0m[2m:[0m Persisting.
[2m2026-06-01T07:14:40.142189Z[0m [32m INFO[0m [1msave_loop[0m[1m{[0m[3mdoc_id[0m[2m=[0m"bbe8fd6d-5e18-4d43-8c09-59df7cc7860c"[1m}[0m[2m:[0m [2my_sweet_core::sync_kv[0m[2m:[0m Persisting snapshot [3msize[0m[2m=[0m116
[2m2026-06-01T07:14:40.142512Z[0m [32m INFO[0m [1msave_loop[0m[1m{[0m[3mdoc_id[0m[2m=[0m"bbe8fd6d-5e18-4d43-8c09-59df7cc7860c"[1m}[0m[2m:[0m [2my_sweet::server[0m[2m:[0m Done persisting.
[2m2026-06-01T07:14:43.298104Z[0m [32m INFO[0m [1msave_loop[0m[1m{[0m[3mdoc_id[0m[2m=[0m"smoke-test"[1m}[0m[2m:[0m [2my_sweet::server[0m[2m:[0m Received signal. done: true
[2m2026-06-01T07:14:43.298141Z[0m [32m INFO[0m [1msave_loop[0m[1m{[0m[3mdoc_id[0m[2m=[0m"smoke-test"[1m}[0m[2m:[0m [2my_sweet::server[0m[2m:[0m Persisting.
[2m2026-06-01T07:14:43.298150Z[0m [32m INFO[0m [1msave_loop[0m[1m{[0m[3mdoc_id[0m[2m=[0m"smoke-test"[1m}[0m[2m:[0m [2my_sweet_core::sync_kv[0m[2m:[0m Persisting snapshot [3msize[0m[2m=[0m8
[2m2026-06-01T07:14:43.298699Z[0m [32m INFO[0m [1msave_loop[0m[1m{[0m[3mdoc_id[0m[2m=[0m"smoke-test"[1m}[0m[2m:[0m [2my_sweet::server[0m[2m:[0m Done persisting.
[2m2026-06-01T07:14:43.298713Z[0m [32m INFO[0m [1msave_loop[0m[1m{[0m[3mdoc_id[0m[2m=[0m"smoke-test"[1m}[0m[2m:[0m [2my_sweet::server[0m[2m:[0m Terminating loop for smoke-test
[2m2026-06-01T07:14:50.128648Z[0m [32m INFO[0m [1msave_loop[0m[1m{[0m[3mdoc_id[0m[2m=[0m"instasync-vault"[1m}[0m[2m:[0m [2my_sweet::server[0m[2m:[0m Received signal. done: false
[2m2026-06-01T07:14:50.128688Z[0m [32m INFO[0m [1msave_loop[0m[1m{[0m[3mdoc_id[0m[2m=[0m"instasync-vault"[1m}[0m[2m:[0m [2my_sweet::server[0m[2m:[0m Persisting.
[2m2026-06-01T07:14:50.128707Z[0m [32m INFO[0m [1msave_loop[0m[1m{[0m[3mdoc_id[0m[2m=[0m"instasync-vault"[1m}[0m[2m:[0m [2my_sweet_core::sync_kv[0m[2m:[0m Persisting snapshot [3msize[0m[2m=[0m154
[2m2026-06-01T07:14:50.129386Z[0m [32m INFO[0m [1msave_loop[0m[1m{[0m[3mdoc_id[0m[2m=[0m"instasync-vault"[1m}[0m[2m:[0m [2my_sweet::server[0m[2m:[0m Done persisting.
[2m2026-06-01T07:14:50.143776Z[0m [32m INFO[0m [1msave_loop[0m[1m{[0m[3mdoc_id[0m[2m=[0m"bbe8fd6d-5e18-4d43-8c09-59df7cc7860c"[1m}[0m[2m:[0m [2my_sweet::server[0m[2m:[0m Received signal. done: false
[2m2026-06-01T07:14:50.143800Z[0m [32m INFO[0m [1msave_loop[0m[1m{[0m[3mdoc_id[0m[2m=[0m"bbe8fd6d-5e18-4d43-8c09-59df7cc7860c"[1m}[0m[2m:[0m [2my_sweet::server[0m[2m:[0m Persisting.
[2m2026-06-01T07:14:50.143820Z[0m [32m INFO[0m [1msave_loop[0m[1m{[0m[3mdoc_id[0m[2m=[0m"bbe8fd6d-5e18-4d43-8c09-59df7cc7860c"[1m}[0m[2m:[0m [2my_sweet_core::sync_kv[0m[2m:[0m Persisting snapshot [3msize[0m[2m=[0m116
[2m2026-06-01T07:14:50.144246Z[0m [32m INFO[0m [1msave_loop[0m[1m{[0m[3mdoc_id[0m[2m=[0m"bbe8fd6d-5e18-4d43-8c09-59df7cc7860c"[1m}[0m[2m:[0m [2my_sweet::server[0m[2m:[0m Done persisting.
[2m2026-06-01T07:15:00.130822Z[0m [32m INFO[0m [1msave_loop[0m[1m{[0m[3mdoc_id[0m[2m=[0m"instasync-vault"[1m}[0m[2m:[0m [2my_sweet::server[0m[2m:[0m Received signal. done: false
[2m2026-06-01T07:15:00.130858Z[0m [32m INFO[0m [1msave_loop[0m[1m{[0m[3mdoc_id[0m[2m=[0m"instasync-vault"[1m}[0m[2m:[0m [2my_sweet::server[0m[2m:[0m Persisting.
[2m2026-06-01T07:15:00.130869Z[0m [32m INFO[0m [1msave_loop[0m[1m{[0m[3mdoc_id[0m[2m=[0m"instasync-vault"[1m}[0m[2m:[0m [2my_sweet_core::sync_kv[0m[2m:[0m Persisting snapshot [3msize[0m[2m=[0m154
[2m2026-06-01T07:15:00.131460Z[0m [32m INFO[0m [1msave_loop[0m[1m{[0m[3mdoc_id[0m[2m=[0m"instasync-vault"[1m}[0m[2m:[0m [2my_sweet::server[0m[2m:[0m Done persisting.
[2m2026-06-01T07:15:00.146837Z[0m [32m INFO[0m [1msave_loop[0m[1m{[0m[3mdoc_id[0m[2m=[0m"bbe8fd6d-5e18-4d43-8c09-59df7cc7860c"[1m}[0m[2m:[0m [2my_sweet::server[0m[2m:[0m Received signal. done: false
[2m2026-06-01T07:15:00.146864Z[0m [32m INFO[0m [1msave_loop[0m[1m{[0m[3mdoc_id[0m[2m=[0m"bbe8fd6d-5e18-4d43-8c09-59df7cc7860c"[1m}[0m[2m:[0m [2my_sweet::server[0m[2m:[0m Persisting.
[2m2026-06-01T07:15:00.146872Z[0m [32m INFO[0m [1msave_loop[0m[1m{[0m[3mdoc_id[0m[2m=[0m"bbe8fd6d-5e18-4d43-8c09-59df7cc7860c"[1m}[0m[2m:[0m [2my_sweet_core::sync_kv[0m[2m:[0m Persisting snapshot [3msize[0m[2m=[0m116
[2m2026-06-01T07:15:00.147259Z[0m [32m INFO[0m [1msave_loop[0m[1m{[0m[3mdoc_id[0m[2m=[0m"bbe8fd6d-5e18-4d43-8c09-59df7cc7860c"[1m}[0m[2m:[0m [2my_sweet::server[0m[2m:[0m Done persisting.
[2m2026-06-01T07:15:10.134233Z[0m [32m INFO[0m [1msave_loop[0m[1m{[0m[3mdoc_id[0m[2m=[0m"instasync-vault"[1m}[0m[2m:[0m [2my_sweet::server[0m[2m:[0m Received signal. done: false
[2m2026-06-01T07:15:10.134259Z[0m [32m INFO[0m [1msave_loop[0m[1m{[0m[3mdoc_id[0m[2m=[0m"instasync-vault"[1m}[0m[2m:[0m [2my_sweet::server[0m[2m:[0m Persisting.
[2m2026-06-01T07:15:10.134268Z[0m [32m INFO[0m [1msave_loop[0m[1m{[0m[3mdoc_id[0m[2m=[0m"instasync-vault"[1m}[0m[2m:[0m [2my_sweet_core::sync_kv[0m[2m:[0m Persisting snapshot [3msize[0m[2m=[0m154
[2m2026-06-01T07:15:10.134636Z[0m [32m INFO[0m [1msave_loop[0m[1m{[0m[3mdoc_id[0m[2m=[0m"instasync-vault"[1m}[0m[2m:[0m [2my_sweet::server[0m[2m:[0m Done persisting.
[2m2026-06-01T07:15:10.149665Z[0m [32m INFO[0m [1msave_loop[0m[1m{[0m[3mdoc_id[0m[2m=[0m"bbe8fd6d-5e18-4d43-8c09-59df7cc7860c"[1m}[0m[2m:[0m [2my_sweet::server[0m[2m:[0m Received signal. done: false
[2m2026-06-01T07:15:10.149681Z[0m [32m INFO[0m [1msave_loop[0m[1m{[0m[3mdoc_id[0m[2m=[0m"bbe8fd6d-5e18-4d43-8c09-59df7cc7860c"[1m}[0m[2m:[0m [2my_sweet::server[0m[2m:[0m Persisting.
[2m2026-06-01T07:15:10.149687Z[0m [32m INFO[0m [1msave_loop[0m[1m{[0m[3mdoc_id[0m[2m=[0m"bbe8fd6d-5e18-4d43-8c09-59df7cc7860c"[1m}[0m[2m:[0m [2my_sweet_core::sync_kv[0m[2m:[0m Persisting snapshot [3msize[0m[2m=[0m116
[2m2026-06-01T07:15:10.149992Z[0m [32m INFO[0m [1msave_loop[0m[1m{[0m[3mdoc_id[0m[2m=[0m"bbe8fd6d-5e18-4d43-8c09-59df7cc7860c"[1m}[0m[2m:[0m [2my_sweet::server[0m[2m:[0m Done persisting.
[2m2026-06-01T07:15:20.148753Z[0m [32m INFO[0m [1msave_loop[0m[1m{[0m[3mdoc_id[0m[2m=[0m"instasync-vault"[1m}[0m[2m:[0m [2my_sweet::server[0m[2m:[0m Received signal. done: false
[2m2026-06-01T07:15:20.148785Z[0m [32m INFO[0m [1msave_loop[0m[1m{[0m[3mdoc_id[0m[2m=[0m"instasync-vault"[1m}[0m[2m:[0m [2my_sweet::server[0m[2m:[0m Persisting.
[2m2026-06-01T07:15:20.148796Z[0m [32m INFO[0m [1msave_loop[0m[1m{[0m[3mdoc_id[0m[2m=[0m"instasync-vault"[1m}[0m[2m:[0m [2my_sweet_core::sync_kv[0m[2m:[0m Persisting snapshot [3msize[0m[2m=[0m154
[2m2026-06-01T07:15:20.149366Z[0m [32m INFO[0m [1msave_loop[0m[1m{[0m[3mdoc_id[0m[2m=[0m"instasync-vault"[1m}[0m[2m:[0m [2my_sweet::server[0m[2m:[0m Done persisting.
[2m2026-06-01T07:15:20.164183Z[0m [32m INFO[0m [1msave_loop[0m[1m{[0m[3mdoc_id[0m[2m=[0m"bbe8fd6d-5e18-4d43-8c09-59df7cc7860c"[1m}[0m[2m:[0m [2my_sweet::server[0m[2m:[0m Received signal. done: false
[2m2026-06-01T07:15:20.164201Z[0m [32m INFO[0m [1msave_loop[0m[1m{[0m[3mdoc_id[0m[2m=[0m"bbe8fd6d-5e18-4d43-8c09-59df7cc7860c"[1m}[0m[2m:[0m [2my_sweet::server[0m[2m:[0m Persisting.
[2m2026-06-01T07:15:20.164210Z[0m [32m INFO[0m [1msave_loop[0m[1m{[0m[3mdoc_id[0m[2m=[0m"bbe8fd6d-5e18-4d43-8c09-59df7cc7860c"[1m}[0m[2m:[0m [2my_sweet_core::sync_kv[0m[2m:[0m Persisting snapshot [3msize[0m[2m=[0m116
[2m2026-06-01T07:15:20.164568Z[0m [32m INFO[0m [1msave_loop[0m[1m{[0m[3mdoc_id[0m[2m=[0m"bbe8fd6d-5e18-4d43-8c09-59df7cc7860c"[1m}[0m[2m:[0m [2my_sweet::server[0m[2m:[0m Done persisting.
[2m2026-06-01T07:15:30.159408Z[0m [32m INFO[0m [1msave_loop[0m[1m{[0m[3mdoc_id[0m[2m=[0m"instasync-vault"[1m}[0m[2m:[0m [2my_sweet::server[0m[2m:[0m Received signal. done: false
[2m2026-06-01T07:15:30.159444Z[0m [32m INFO[0m [1msave_loop[0m[1m{[0m[3mdoc_id[0m[2m=[0m"instasync-vault"[1m}[0m[2m:[0m [2my_sweet::server[0m[2m:[0m Persisting.
[2m2026-06-01T07:15:30.159455Z[0m [32m INFO[0m [1msave_loop[0m[1m{[0m[3mdoc_id[0m[2m=[0m"instasync-vault"[1m}[0m[2m:[0m [2my_sweet_core::sync_kv[0m[2m:[0m Persisting snapshot [3msize[0m[2m=[0m154
[2m2026-06-01T07:15:30.160062Z[0m [32m INFO[0m [1msave_loop[0m[1m{[0m[3mdoc_id[0m[2m=[0m"instasync-vault"[1m}[0m[2m:[0m [2my_sweet::server[0m[2m:[0m Done persisting.
[2m2026-06-01T07:15:30.174573Z[0m [32m INFO[0m [1msave_loop[0m[1m{[0m[3mdoc_id[0m[2m=[0m"bbe8fd6d-5e18-4d43-8c09-59df7cc7860c"[1m}[0m[2m:[0m [2my_sweet::server[0m[2m:[0m Received signal. done: false
[2m2026-06-01T07:15:30.174592Z[0m [32m INFO[0m [1msave_loop[0m[1m{[0m[3mdoc_id[0m[2m=[0m"bbe8fd6d-5e18-4d43-8c09-59df7cc7860c"[1m}[0m[2m:[0m [2my_sweet::server[0m[2m:[0m Persisting.
[2m2026-06-01T07:15:30.174599Z[0m [32m INFO[0m [1msave_loop[0m[1m{[0m[3mdoc_id[0m[2m=[0m"bbe8fd6d-5e18-4d43-8c09-59df7cc7860c"[1m}[0m[2m:[0m [2my_sweet_core::sync_kv[0m[2m:[0m Persisting snapshot [3msize[0m[2m=[0m116
[2m2026-06-01T07:15:30.174932Z[0m [32m INFO[0m [1msave_loop[0m[1m{[0m[3mdoc_id[0m[2m=[0m"bbe8fd6d-5e18-4d43-8c09-59df7cc7860c"[1m}[0m[2m:[0m [2my_sweet::server[0m[2m:[0m Done persisting.
[2m2026-06-01T07:15:40.166391Z[0m [32m INFO[0m [1msave_loop[0m[1m{[0m[3mdoc_id[0m[2m=[0m"instasync-vault"[1m}[0m[2m:[0m [2my_sweet::server[0m[2m:[0m Received signal. done: false
[2m2026-06-01T07:15:40.166413Z[0m [32m INFO[0m [1msave_loop[0m[1m{[0m[3mdoc_id[0m[2m=[0m"instasync-vault"[1m}[0m[2m:[0m [2my_sweet::server[0m[2m:[0m Persisting.
[2m2026-06-01T07:15:40.166419Z[0m [32m INFO[0m [1msave_loop[0m[1m{[0m[3mdoc_id[0m[2m=[0m"instasync-vault"[1m}[0m[2m:[0m [2my_sweet_core::sync_kv[0m[2m:[0m Persisting snapshot [3msize[0m[2m=[0m154
[2m2026-06-01T07:15:40.166818Z[0m [32m INFO[0m [1msave_loop[0m[1m{[0m[3mdoc_id[0m[2m=[0m"instasync-vault"[1m}[0m[2m:[0m [2my_sweet::server[0m[2m:[0m Done persisting.
[2m2026-06-01T07:15:40.182006Z[0m [32m INFO[0m [1msave_loop[0m[1m{[0m[3mdoc_id[0m[2m=[0m"bbe8fd6d-5e18-4d43-8c09-59df7cc7860c"[1m}[0m[2m:[0m [2my_sweet::server[0m[2m:[0m Received signal. done: false
[2m2026-06-01T07:15:40.182027Z[0m [32m INFO[0m [1msave_loop[0m[1m{[0m[3mdoc_id[0m[2m=[0m"bbe8fd6d-5e18-4d43-8c09-59df7cc7860c"[1m}[0m[2m:[0m [2my_sweet::server[0m[2m:[0m Persisting.
[2m2026-06-01T07:15:40.182036Z[0m [32m INFO[0m [1msave_loop[0m[1m{[0m[3mdoc_id[0m[2m=[0m"bbe8fd6d-5e18-4d43-8c09-59df7cc7860c"[1m}[0m[2m:[0m [2my_sweet_core::sync_kv[0m[2m:[0m Persisting snapshot [3msize[0m[2m=[0m116
[2m2026-06-01T07:15:40.182510Z[0m [32m INFO[0m [1msave_loop[0m[1m{[0m[3mdoc_id[0m[2m=[0m"bbe8fd6d-5e18-4d43-8c09-59df7cc7860c"[1m}[0m[2m:[0m [2my_sweet::server[0m[2m:[0m Done persisting.
[2m2026-06-01T07:15:50.171883Z[0m [32m INFO[0m [1msave_loop[0m[1m{[0m[3mdoc_id[0m[2m=[0m"instasync-vault"[1m}[0m[2m:[0m [2my_sweet::server[0m[2m:[0m Received signal. done: false
[2m2026-06-01T07:15:50.171913Z[0m [32m INFO[0m [1msave_loop[0m[1m{[0m[3mdoc_id[0m[2m=[0m"instasync-vault"[1m}[0m[2m:[0m [2my_sweet::server[0m[2m:[0m Persisting.
[2m2026-06-01T07:15:50.171923Z[0m [32m INFO[0m [1msave_loop[0m[1m{[0m[3mdoc_id[0m[2m=[0m"instasync-vault"[1m}[0m[2m:[0m [2my_sweet_core::sync_kv[0m[2m:[0m Persisting snapshot [3msize[0m[2m=[0m154
[2m2026-06-01T07:15:50.172433Z[0m [32m INFO[0m [1msave_loop[0m[1m{[0m[3mdoc_id[0m[2m=[0m"instasync-vault"[1m}[0m[2m:[0m [2my_sweet::server[0m[2m:[0m Done persisting.
[2m2026-06-01T07:15:50.187852Z[0m [32m INFO[0m [1msave_loop[0m[1m{[0m[3mdoc_id[0m[2m=[0m"bbe8fd6d-5e18-4d43-8c09-59df7cc7860c"[1m}[0m[2m:[0m [2my_sweet::server[0m[2m:[0m Received signal. done: false
[2m2026-06-01T07:15:50.187875Z[0m [32m INFO[0m [1msave_loop[0m[1m{[0m[3mdoc_id[0m[2m=[0m"bbe8fd6d-5e18-4d43-8c09-59df7cc7860c"[1m}[0m[2m:[0m [2my_sweet::server[0m[2m:[0m Persisting.
[2m2026-06-01T07:15:50.187885Z[0m [32m INFO[0m [1msave_loop[0m[1m{[0m[3mdoc_id[0m[2m=[0m"bbe8fd6d-5e18-4d43-8c09-59df7cc7860c"[1m}[0m[2m:[0m [2my_sweet_core::sync_kv[0m[2m:[0m Persisting snapshot [3msize[0m[2m=[0m116
[2m2026-06-01T07:15:50.188323Z[0m [32m INFO[0m [1msave_loop[0m[1m{[0m[3mdoc_id[0m[2m=[0m"bbe8fd6d-5e18-4d43-8c09-59df7cc7860c"[1m}[0m[2m:[0m [2my_sweet::server[0m[2m:[0m Done persisting.
[2m2026-06-01T07:16:00.180827Z[0m [32m INFO[0m [1msave_loop[0m[1m{[0m[3mdoc_id[0m[2m=[0m"instasync-vault"[1m}[0m[2m:[0m [2my_sweet::server[0m[2m:[0m Received signal. done: false
[2m2026-06-01T07:16:00.180857Z[0m [32m INFO[0m [1msave_loop[0m[1m{[0m[3mdoc_id[0m[2m=[0m"instasync-vault"[1m}[0m[2m:[0m [2my_sweet::server[0m[2m:[0m Persisting.
[2m2026-06-01T07:16:00.180864Z[0m [32m INFO[0m [1msave_loop[0m[1m{[0m[3mdoc_id[0m[2m=[0m"instasync-vault"[1m}[0m[2m:[0m [2my_sweet_core::sync_kv[0m[2m:[0m Persisting snapshot [3msize[0m[2m=[0m154
[2m2026-06-01T07:16:00.181347Z[0m [32m INFO[0m [1msave_loop[0m[1m{[0m[3mdoc_id[0m[2m=[0m"instasync-vault"[1m}[0m[2m:[0m [2my_sweet::server[0m[2m:[0m Done persisting.
[2m2026-06-01T07:16:00.196403Z[0m [32m INFO[0m [1msave_loop[0m[1m{[0m[3mdoc_id[0m[2m=[0m"bbe8fd6d-5e18-4d43-8c09-59df7cc7860c"[1m}[0m[2m:[0m [2my_sweet::server[0m[2m:[0m Received signal. done: false
[2m2026-06-01T07:16:00.196427Z[0m [32m INFO[0m [1msave_loop[0m[1m{[0m[3mdoc_id[0m[2m=[0m"bbe8fd6d-5e18-4d43-8c09-59df7cc7860c"[1m}[0m[2m:[0m [2my_sweet::server[0m[2m:[0m Persisting.
[2m2026-06-01T07:16:00.196435Z[0m [32m INFO[0m [1msave_loop[0m[1m{[0m[3mdoc_id[0m[2m=[0m"bbe8fd6d-5e18-4d43-8c09-59df7cc7860c"[1m}[0m[2m:[0m [2my_sweet_core::sync_kv[0m[2m:[0m Persisting snapshot [3msize[0m[2m=[0m116
[2m2026-06-01T07:16:00.196952Z[0m [32m INFO[0m [1msave_loop[0m[1m{[0m[3mdoc_id[0m[2m=[0m"bbe8fd6d-5e18-4d43-8c09-59df7cc7860c"[1m}[0m[2m:[0m [2my_sweet::server[0m[2m:[0m Done persisting.
[2m2026-06-01T07:16:10.189775Z[0m [32m INFO[0m [1msave_loop[0m[1m{[0m[3mdoc_id[0m[2m=[0m"instasync-vault"[1m}[0m[2m:[0m [2my_sweet::server[0m[2m:[0m Received signal. done: false
[2m2026-06-01T07:16:10.189807Z[0m [32m INFO[0m [1msave_loop[0m[1m{[0m[3mdoc_id[0m[2m=[0m"instasync-vault"[1m}[0m[2m:[0m [2my_sweet::server[0m[2m:[0m Persisting.
[2m2026-06-01T07:16:10.189819Z[0m [32m INFO[0m [1msave_loop[0m[1m{[0m[3mdoc_id[0m[2m=[0m"instasync-vault"[1m}[0m[2m:[0m [2my_sweet_core::sync_kv[0m[2m:[0m Persisting snapshot [3msize[0m[2m=[0m154
[2m2026-06-01T07:16:10.190414Z[0m [32m INFO[0m [1msave_loop[0m[1m{[0m[3mdoc_id[0m[2m=[0m"instasync-vault"[1m}[0m[2m:[0m [2my_sweet::server[0m[2m:[0m Done persisting.
[2m2026-06-01T07:16:10.205357Z[0m [32m INFO[0m [1msave_loop[0m[1m{[0m[3mdoc_id[0m[2m=[0m"bbe8fd6d-5e18-4d43-8c09-59df7cc7860c"[1m}[0m[2m:[0m [2my_sweet::server[0m[2m:[0m Received signal. done: false
[2m2026-06-01T07:16:10.205384Z[0m [32m INFO[0m [1msave_loop[0m[1m{[0m[3mdoc_id[0m[2m=[0m"bbe8fd6d-5e18-4d43-8c09-59df7cc7860c"[1m}[0m[2m:[0m [2my_sweet::server[0m[2m:[0m Persisting.
[2m2026-06-01T07:16:10.205392Z[0m [32m INFO[0m [1msave_loop[0m[1m{[0m[3mdoc_id[0m[2m=[0m"bbe8fd6d-5e18-4d43-8c09-59df7cc7860c"[1m}[0m[2m:[0m [2my_sweet_core::sync_kv[0m[2m:[0m Persisting snapshot [3msize[0m[2m=[0m116
[2m2026-06-01T07:16:10.205777Z[0m [32m INFO[0m [1msave_loop[0m[1m{[0m[3mdoc_id[0m[2m=[0m"bbe8fd6d-5e18-4d43-8c09-59df7cc7860c"[1m}[0m[2m:[0m [2my_sweet::server[0m[2m:[0m Done persisting.
[2m2026-06-01T07:16:20.204275Z[0m [32m INFO[0m [1msave_loop[0m[1m{[0m[3mdoc_id[0m[2m=[0m"instasync-vault"[1m}[0m[2m:[0m [2my_sweet::server[0m[2m:[0m Received signal. done: false
[2m2026-06-01T07:16:20.204308Z[0m [32m INFO[0m [1msave_loop[0m[1m{[0m[3mdoc_id[0m[2m=[0m"instasync-vault"[1m}[0m[2m:[0m [2my_sweet::server[0m[2m:[0m Persisting.
[2m2026-06-01T07:16:20.204319Z[0m [32m INFO[0m [1msave_loop[0m[1m{[0m[3mdoc_id[0m[2m=[0m"instasync-vault"[1m}[0m[2m:[0m [2my_sweet_core::sync_kv[0m[2m:[0m Persisting snapshot [3msize[0m[2m=[0m154
[2m2026-06-01T07:16:20.204867Z[0m [32m INFO[0m [1msave_loop[0m[1m{[0m[3mdoc_id[0m[2m=[0m"instasync-vault"[1m}[0m[2m:[0m [2my_sweet::server[0m[2m:[0m Done persisting.
[2m2026-06-01T07:16:20.219896Z[0m [32m INFO[0m [1msave_loop[0m[1m{[0m[3mdoc_id[0m[2m=[0m"bbe8fd6d-5e18-4d43-8c09-59df7cc7860c"[1m}[0m[2m:[0m [2my_sweet::server[0m[2m:[0m Received signal. done: false
[2m2026-06-01T07:16:20.219914Z[0m [32m INFO[0m [1msave_loop[0m[1m{[0m[3mdoc_id[0m[2m=[0m"bbe8fd6d-5e18-4d43-8c09-59df7cc7860c"[1m}[0m[2m:[0m [2my_sweet::server[0m[2m:[0m Persisting.
[2m2026-06-01T07:16:20.219921Z[0m [32m INFO[0m [1msave_loop[0m[1m{[0m[3mdoc_id[0m[2m=[0m"bbe8fd6d-5e18-4d43-8c09-59df7cc7860c"[1m}[0m[2m:[0m [2my_sweet_core::sync_kv[0m[2m:[0m Persisting snapshot [3msize[0m[2m=[0m116
[2m2026-06-01T07:16:20.220261Z[0m [32m INFO[0m [1msave_loop[0m[1m{[0m[3mdoc_id[0m[2m=[0m"bbe8fd6d-5e18-4d43-8c09-59df7cc7860c"[1m}[0m[2m:[0m [2my_sweet::server[0m[2m:[0m Done persisting.
[2m2026-06-01T07:16:30.213132Z[0m [32m INFO[0m [1msave_loop[0m[1m{[0m[3mdoc_id[0m[2m=[0m"instasync-vault"[1m}[0m[2m:[0m [2my_sweet::server[0m[2m:[0m Received signal. done: false
[2m2026-06-01T07:16:30.213160Z[0m [32m INFO[0m [1msave_loop[0m[1m{[0m[3mdoc_id[0m[2m=[0m"instasync-vault"[1m}[0m[2m:[0m [2my_sweet::server[0m[2m:[0m Persisting.
[2m2026-06-01T07:16:30.213168Z[0m [32m INFO[0m [1msave_loop[0m[1m{[0m[3mdoc_id[0m[2m=[0m"instasync-vault"[1m}[0m[2m:[0m [2my_sweet_core::sync_kv[0m[2m:[0m Persisting snapshot [3msize[0m[2m=[0m154
[2m2026-06-01T07:16:30.213604Z[0m [32m INFO[0m [1msave_loop[0m[1m{[0m[3mdoc_id[0m[2m=[0m"instasync-vault"[1m}[0m[2m:[0m [2my_sweet::server[0m[2m:[0m Done persisting.
[2m2026-06-01T07:16:30.228916Z[0m [32m INFO[0m [1msave_loop[0m[1m{[0m[3mdoc_id[0m[2m=[0m"bbe8fd6d-5e18-4d43-8c09-59df7cc7860c"[1m}[0m[2m:[0m [2my_sweet::server[0m[2m:[0m Received signal. done: false
[2m2026-06-01T07:16:30.228931Z[0m [32m INFO[0m [1msave_loop[0m[1m{[0m[3mdoc_id[0m[2m=[0m"bbe8fd6d-5e18-4d43-8c09-59df7cc7860c"[1m}[0m[2m:[0m [2my_sweet::server[0m[2m:[0m Persisting.
[2m2026-06-01T07:16:30.228938Z[0m [32m INFO[0m [1msave_loop[0m[1m{[0m[3mdoc_id[0m[2m=[0m"bbe8fd6d-5e18-4d43-8c09-59df7cc7860c"[1m}[0m[2m:[0m [2my_sweet_core::sync_kv[0m[2m:[0m Persisting snapshot [3msize[0m[2m=[0m116
[2m2026-06-01T07:16:30.229285Z[0m [32m INFO[0m [1msave_loop[0m[1m{[0m[3mdoc_id[0m[2m=[0m"bbe8fd6d-5e18-4d43-8c09-59df7cc7860c"[1m}[0m[2m:[0m [2my_sweet::server[0m[2m:[0m Done persisting.
[2m2026-06-01T07:16:40.217044Z[0m [32m INFO[0m [1msave_loop[0m[1m{[0m[3mdoc_id[0m[2m=[0m"instasync-vault"[1m}[0m[2m:[0m [2my_sweet::server[0m[2m:[0m Received signal. done: false
[2m2026-06-01T07:16:40.217077Z[0m [32m INFO[0m [1msave_loop[0m[1m{[0m[3mdoc_id[0m[2m=[0m"instasync-vault"[1m}[0m[2m:[0m [2my_sweet::server[0m[2m:[0m Persisting.
[2m2026-06-01T07:16:40.217090Z[0m [32m INFO[0m [1msave_loop[0m[1m{[0m[3mdoc_id[0m[2m=[0m"instasync-vault"[1m}[0m[2m:[0m [2my_sweet_core::sync_kv[0m[2m:[0m Persisting snapshot [3msize[0m[2m=[0m154
[2m2026-06-01T07:16:40.217741Z[0m [32m INFO[0m [1msave_loop[0m[1m{[0m[3mdoc_id[0m[2m=[0m"instasync-vault"[1m}[0m[2m:[0m [2my_sweet::server[0m[2m:[0m Done persisting.
[2m2026-06-01T07:16:40.232231Z[0m [32m INFO[0m [1msave_loop[0m[1m{[0m[3mdoc_id[0m[2m=[0m"bbe8fd6d-5e18-4d43-8c09-59df7cc7860c"[1m}[0m[2m:[0m [2my_sweet::server[0m[2m:[0m Received signal. done: false
[2m2026-06-01T07:16:40.232244Z[0m [32m INFO[0m [1msave_loop[0m[1m{[0m[3mdoc_id[0m[2m=[0m"bbe8fd6d-5e18-4d43-8c09-59df7cc7860c"[1m}[0m[2m:[0m [2my_sweet::server[0m[2m:[0m Persisting.
[2m2026-06-01T07:16:40.232256Z[0m [32m INFO[0m [1msave_loop[0m[1m{[0m[3mdoc_id[0m[2m=[0m"bbe8fd6d-5e18-4d43-8c09-59df7cc7860c"[1m}[0m[2m:[0m [2my_sweet_core::sync_kv[0m[2m:[0m Persisting snapshot [3msize[0m[2m=[0m116
[2m2026-06-01T07:16:40.232553Z[0m [32m INFO[0m [1msave_loop[0m[1m{[0m[3mdoc_id[0m[2m=[0m"bbe8fd6d-5e18-4d43-8c09-59df7cc7860c"[1m}[0m[2m:[0m [2my_sweet::server[0m[2m:[0m Done persisting.
[2m2026-06-01T07:16:50.233067Z[0m [32m INFO[0m [1msave_loop[0m[1m{[0m[3mdoc_id[0m[2m=[0m"instasync-vault"[1m}[0m[2m:[0m [2my_sweet::server[0m[2m:[0m Received signal. done: false
[2m2026-06-01T07:16:50.233103Z[0m [32m INFO[0m [1msave_loop[0m[1m{[0m[3mdoc_id[0m[2m=[0m"instasync-vault"[1m}[0m[2m:[0m [2my_sweet::server[0m[2m:[0m Persisting.
[2m2026-06-01T07:16:50.233113Z[0m [32m INFO[0m [1msave_loop[0m[1m{[0m[3mdoc_id[0m[2m=[0m"instasync-vault"[1m}[0m[2m:[0m [2my_sweet_core::sync_kv[0m[2m:[0m Persisting snapshot [3msize[0m[2m=[0m154
[2m2026-06-01T07:16:50.233694Z[0m [32m INFO[0m [1msave_loop[0m[1m{[0m[3mdoc_id[0m[2m=[0m"instasync-vault"[1m}[0m[2m:[0m [2my_sweet::server[0m[2m:[0m Done persisting.
[2m2026-06-01T07:16:50.233720Z[0m [32m INFO[0m [1msave_loop[0m[1m{[0m[3mdoc_id[0m[2m=[0m"bbe8fd6d-5e18-4d43-8c09-59df7cc7860c"[1m}[0m[2m:[0m [2my_sweet::server[0m[2m:[0m Received signal. done: false
[2m2026-06-01T07:16:50.233724Z[0m [32m INFO[0m [1msave_loop[0m[1m{[0m[3mdoc_id[0m[2m=[0m"bbe8fd6d-5e18-4d43-8c09-59df7cc7860c"[1m}[0m[2m:[0m [2my_sweet::server[0m[2m:[0m Persisting.
[2m2026-06-01T07:16:50.233728Z[0m [32m INFO[0m [1msave_loop[0m[1m{[0m[3mdoc_id[0m[2m=[0m"bbe8fd6d-5e18-4d43-8c09-59df7cc7860c"[1m}[0m[2m:[0m [2my_sweet_core::sync_kv[0m[2m:[0m Persisting snapshot [3msize[0m[2m=[0m116
[2m2026-06-01T07:16:50.233983Z[0m [32m INFO[0m [1msave_loop[0m[1m{[0m[3mdoc_id[0m[2m=[0m"bbe8fd6d-5e18-4d43-8c09-59df7cc7860c"[1m}[0m[2m:[0m [2my_sweet::server[0m[2m:[0m Done persisting.
[2m2026-06-01T07:17:00.237187Z[0m [32m INFO[0m [1msave_loop[0m[1m{[0m[3mdoc_id[0m[2m=[0m"bbe8fd6d-5e18-4d43-8c09-59df7cc7860c"[1m}[0m[2m:[0m [2my_sweet::server[0m[2m:[0m Received signal. done: false
[2m2026-06-01T07:17:00.237213Z[0m [32m INFO[0m [1msave_loop[0m[1m{[0m[3mdoc_id[0m[2m=[0m"bbe8fd6d-5e18-4d43-8c09-59df7cc7860c"[1m}[0m[2m:[0m [2my_sweet::server[0m[2m:[0m Persisting.
[2m2026-06-01T07:17:00.237195Z[0m [32m INFO[0m [1msave_loop[0m[1m{[0m[3mdoc_id[0m[2m=[0m"instasync-vault"[1m}[0m[2m:[0m [2my_sweet::server[0m[2m:[0m Received signal. done: false
[2m2026-06-01T07:17:00.237232Z[0m [32m INFO[0m [1msave_loop[0m[1m{[0m[3mdoc_id[0m[2m=[0m"instasync-vault"[1m}[0m[2m:[0m [2my_sweet::server[0m[2m:[0m Persisting.
[2m2026-06-01T07:17:00.237220Z[0m [32m INFO[0m [1msave_loop[0m[1m{[0m[3mdoc_id[0m[2m=[0m"bbe8fd6d-5e18-4d43-8c09-59df7cc7860c"[1m}[0m[2m:[0m [2my_sweet_core::sync_kv[0m[2m:[0m Persisting snapshot [3msize[0m[2m=[0m116
[2m2026-06-01T07:17:00.237240Z[0m [32m INFO[0m [1msave_loop[0m[1m{[0m[3mdoc_id[0m[2m=[0m"instasync-vault"[1m}[0m[2m:[0m [2my_sweet_core::sync_kv[0m[2m:[0m Persisting snapshot [3msize[0m[2m=[0m154
[2m2026-06-01T07:17:00.237608Z[0m [32m INFO[0m [1msave_loop[0m[1m{[0m[3mdoc_id[0m[2m=[0m"bbe8fd6d-5e18-4d43-8c09-59df7cc7860c"[1m}[0m[2m:[0m [2my_sweet::server[0m[2m:[0m Done persisting.
[2m2026-06-01T07:17:00.237662Z[0m [32m INFO[0m [1msave_loop[0m[1m{[0m[3mdoc_id[0m[2m=[0m"instasync-vault"[1m}[0m[2m:[0m [2my_sweet::server[0m[2m:[0m Done persisting.
[2m2026-06-01T07:17:10.239453Z[0m [32m INFO[0m [1msave_loop[0m[1m{[0m[3mdoc_id[0m[2m=[0m"bbe8fd6d-5e18-4d43-8c09-59df7cc7860c"[1m}[0m[2m:[0m [2my_sweet::server[0m[2m:[0m Received signal. done: false
[2m2026-06-01T07:17:10.239480Z[0m [32m INFO[0m [1msave_loop[0m[1m{[0m[3mdoc_id[0m[2m=[0m"bbe8fd6d-5e18-4d43-8c09-59df7cc7860c"[1m}[0m[2m:[0m [2my_sweet::server[0m[2m:[0m Persisting.
[2m2026-06-01T07:17:10.239457Z[0m [32m INFO[0m [1msave_loop[0m[1m{[0m[3mdoc_id[0m[2m=[0m"instasync-vault"[1m}[0m[2m:[0m [2my_sweet::server[0m[2m:[0m Received signal. done: false
[2m2026-06-01T07:17:10.239488Z[0m [32m INFO[0m [1msave_loop[0m[1m{[0m[3mdoc_id[0m[2m=[0m"bbe8fd6d-5e18-4d43-8c09-59df7cc7860c"[1m}[0m[2m:[0m [2my_sweet_core::sync_kv[0m[2m:[0m Persisting snapshot [3msize[0m[2m=[0m116
[2m2026-06-01T07:17:10.239496Z[0m [32m INFO[0m [1msave_loop[0m[1m{[0m[3mdoc_id[0m[2m=[0m"instasync-vault"[1m}[0m[2m:[0m [2my_sweet::server[0m[2m:[0m Persisting.
[2m2026-06-01T07:17:10.239528Z[0m [32m INFO[0m [1msave_loop[0m[1m{[0m[3mdoc_id[0m[2m=[0m"instasync-vault"[1m}[0m[2m:[0m [2my_sweet_core::sync_kv[0m[2m:[0m Persisting snapshot [3msize[0m[2m=[0m154
[2m2026-06-01T07:17:10.239921Z[0m [32m INFO[0m [1msave_loop[0m[1m{[0m[3mdoc_id[0m[2m=[0m"bbe8fd6d-5e18-4d43-8c09-59df7cc7860c"[1m}[0m[2m:[0m [2my_sweet::server[0m[2m:[0m Done persisting.
[2m2026-06-01T07:17:10.239952Z[0m [32m INFO[0m [1msave_loop[0m[1m{[0m[3mdoc_id[0m[2m=[0m"instasync-vault"[1m}[0m[2m:[0m [2my_sweet::server[0m[2m:[0m Done persisting.
[2m2026-06-01T07:17:20.244340Z[0m [32m INFO[0m [1msave_loop[0m[1m{[0m[3mdoc_id[0m[2m=[0m"instasync-vault"[1m}[0m[2m:[0m [2my_sweet::server[0m[2m:[0m Received signal. done: false
[2m2026-06-01T07:17:20.244372Z[0m [32m INFO[0m [1msave_loop[0m[1m{[0m[3mdoc_id[0m[2m=[0m"instasync-vault"[1m}[0m[2m:[0m [2my_sweet::server[0m[2m:[0m Persisting.
[2m2026-06-01T07:17:20.244344Z[0m [32m INFO[0m [1msave_loop[0m[1m{[0m[3mdoc_id[0m[2m=[0m"bbe8fd6d-5e18-4d43-8c09-59df7cc7860c"[1m}[0m[2m:[0m [2my_sweet::server[0m[2m:[0m Received signal. done: false
[2m2026-06-01T07:17:20.244381Z[0m [32m INFO[0m [1msave_loop[0m[1m{[0m[3mdoc_id[0m[2m=[0m"instasync-vault"[1m}[0m[2m:[0m [2my_sweet_core::sync_kv[0m[2m:[0m Persisting snapshot [3msize[0m[2m=[0m154
[2m2026-06-01T07:17:20.244396Z[0m [32m INFO[0m [1msave_loop[0m[1m{[0m[3mdoc_id[0m[2m=[0m"bbe8fd6d-5e18-4d43-8c09-59df7cc7860c"[1m}[0m[2m:[0m [2my_sweet::server[0m[2m:[0m Persisting.
[2m2026-06-01T07:17:20.244410Z[0m [32m INFO[0m [1msave_loop[0m[1m{[0m[3mdoc_id[0m[2m=[0m"bbe8fd6d-5e18-4d43-8c09-59df7cc7860c"[1m}[0m[2m:[0m [2my_sweet_core::sync_kv[0m[2m:[0m Persisting snapshot [3msize[0m[2m=[0m116
[2m2026-06-01T07:17:20.244792Z[0m [32m INFO[0m [1msave_loop[0m[1m{[0m[3mdoc_id[0m[2m=[0m"instasync-vault"[1m}[0m[2m:[0m [2my_sweet::server[0m[2m:[0m Done persisting.
[2m2026-06-01T07:17:20.244853Z[0m [32m INFO[0m [1msave_loop[0m[1m{[0m[3mdoc_id[0m[2m=[0m"bbe8fd6d-5e18-4d43-8c09-59df7cc7860c"[1m}[0m[2m:[0m [2my_sweet::server[0m[2m:[0m Done persisting.
[2m2026-06-01T07:17:30.254071Z[0m [32m INFO[0m [1msave_loop[0m[1m{[0m[3mdoc_id[0m[2m=[0m"bbe8fd6d-5e18-4d43-8c09-59df7cc7860c"[1m}[0m[2m:[0m [2my_sweet::server[0m[2m:[0m Received signal. done: false
[2m2026-06-01T07:17:30.254091Z[0m [32m INFO[0m [1msave_loop[0m[1m{[0m[3mdoc_id[0m[2m=[0m"bbe8fd6d-5e18-4d43-8c09-59df7cc7860c"[1m}[0m[2m:[0m [2my_sweet::server[0m[2m:[0m Persisting.
[2m2026-06-01T07:17:30.254064Z[0m [32m INFO[0m [1msave_loop[0m[1m{[0m[3mdoc_id[0m[2m=[0m"instasync-vault"[1m}[0m[2m:[0m [2my_sweet::server[0m[2m:[0m Received signal. done: false
[2m2026-06-01T07:17:30.254111Z[0m [32m INFO[0m [1msave_loop[0m[1m{[0m[3mdoc_id[0m[2m=[0m"instasync-vault"[1m}[0m[2m:[0m [2my_sweet::server[0m[2m:[0m Persisting.
[2m2026-06-01T07:17:30.254097Z[0m [32m INFO[0m [1msave_loop[0m[1m{[0m[3mdoc_id[0m[2m=[0m"bbe8fd6d-5e18-4d43-8c09-59df7cc7860c"[1m}[0m[2m:[0m [2my_sweet_core::sync_kv[0m[2m:[0m Persisting snapshot [3msize[0m[2m=[0m116
[2m2026-06-01T07:17:30.254119Z[0m [32m INFO[0m [1msave_loop[0m[1m{[0m[3mdoc_id[0m[2m=[0m"instasync-vault"[1m}[0m[2m:[0m [2my_sweet_core::sync_kv[0m[2m:[0m Persisting snapshot [3msize[0m[2m=[0m154
[2m2026-06-01T07:17:30.254504Z[0m [32m INFO[0m [1msave_loop[0m[1m{[0m[3mdoc_id[0m[2m=[0m"bbe8fd6d-5e18-4d43-8c09-59df7cc7860c"[1m}[0m[2m:[0m [2my_sweet::server[0m[2m:[0m Done persisting.
[2m2026-06-01T07:17:30.254563Z[0m [32m INFO[0m [1msave_loop[0m[1m{[0m[3mdoc_id[0m[2m=[0m"instasync-vault"[1m}[0m[2m:[0m [2my_sweet::server[0m[2m:[0m Done persisting.
[2m2026-06-01T07:17:40.258684Z[0m [32m INFO[0m [1msave_loop[0m[1m{[0m[3mdoc_id[0m[2m=[0m"instasync-vault"[1m}[0m[2m:[0m [2my_sweet::server[0m[2m:[0m Received signal. done: false
[2m2026-06-01T07:17:40.258693Z[0m [32m INFO[0m [1msave_loop[0m[1m{[0m[3mdoc_id[0m[2m=[0m"bbe8fd6d-5e18-4d43-8c09-59df7cc7860c"[1m}[0m[2m:[0m [2my_sweet::server[0m[2m:[0m Received signal. done: false
[2m2026-06-01T07:17:40.258725Z[0m [32m INFO[0m [1msave_loop[0m[1m{[0m[3mdoc_id[0m[2m=[0m"bbe8fd6d-5e18-4d43-8c09-59df7cc7860c"[1m}[0m[2m:[0m [2my_sweet::server[0m[2m:[0m Persisting.
[2m2026-06-01T07:17:40.258710Z[0m [32m INFO[0m [1msave_loop[0m[1m{[0m[3mdoc_id[0m[2m=[0m"instasync-vault"[1m}[0m[2m:[0m [2my_sweet::server[0m[2m:[0m Persisting.
[2m2026-06-01T07:17:40.258735Z[0m [32m INFO[0m [1msave_loop[0m[1m{[0m[3mdoc_id[0m[2m=[0m"bbe8fd6d-5e18-4d43-8c09-59df7cc7860c"[1m}[0m[2m:[0m [2my_sweet_core::sync_kv[0m[2m:[0m Persisting snapshot [3msize[0m[2m=[0m116
[2m2026-06-01T07:17:40.258756Z[0m [32m INFO[0m [1msave_loop[0m[1m{[0m[3mdoc_id[0m[2m=[0m"instasync-vault"[1m}[0m[2m:[0m [2my_sweet_core::sync_kv[0m[2m:[0m Persisting snapshot [3msize[0m[2m=[0m154
[2m2026-06-01T07:17:40.259387Z[0m [32m INFO[0m [1msave_loop[0m[1m{[0m[3mdoc_id[0m[2m=[0m"instasync-vault"[1m}[0m[2m:[0m [2my_sweet::server[0m[2m:[0m Done persisting.
[2m2026-06-01T07:17:40.259425Z[0m [32m INFO[0m [1msave_loop[0m[1m{[0m[3mdoc_id[0m[2m=[0m"bbe8fd6d-5e18-4d43-8c09-59df7cc7860c"[1m}[0m[2m:[0m [2my_sweet::server[0m[2m:[0m Done persisting.
[2m2026-06-01T07:17:50.264052Z[0m [32m INFO[0m [1msave_loop[0m[1m{[0m[3mdoc_id[0m[2m=[0m"instasync-vault"[1m}[0m[2m:[0m [2my_sweet::server[0m[2m:[0m Received signal. done: false
[2m2026-06-01T07:17:50.264077Z[0m [32m INFO[0m [1msave_loop[0m[1m{[0m[3mdoc_id[0m[2m=[0m"instasync-vault"[1m}[0m[2m:[0m [2my_sweet::server[0m[2m:[0m Persisting.
[2m2026-06-01T07:17:50.264061Z[0m [32m INFO[0m [1msave_loop[0m[1m{[0m[3mdoc_id[0m[2m=[0m"bbe8fd6d-5e18-4d43-8c09-59df7cc7860c"[1m}[0m[2m:[0m [2my_sweet::server[0m[2m:[0m Received signal. done: false
[2m2026-06-01T07:17:50.264091Z[0m [32m INFO[0m [1msave_loop[0m[1m{[0m[3mdoc_id[0m[2m=[0m"bbe8fd6d-5e18-4d43-8c09-59df7cc7860c"[1m}[0m[2m:[0m [2my_sweet::server[0m[2m:[0m Persisting.
[2m2026-06-01T07:17:50.264084Z[0m [32m INFO[0m [1msave_loop[0m[1m{[0m[3mdoc_id[0m[2m=[0m"instasync-vault"[1m}[0m[2m:[0m [2my_sweet_core::sync_kv[0m[2m:[0m Persisting snapshot [3msize[0m[2m=[0m154
[2m2026-06-01T07:17:50.264097Z[0m [32m INFO[0m [1msave_loop[0m[1m{[0m[3mdoc_id[0m[2m=[0m"bbe8fd6d-5e18-4d43-8c09-59df7cc7860c"[1m}[0m[2m:[0m [2my_sweet_core::sync_kv[0m[2m:[0m Persisting snapshot [3msize[0m[2m=[0m116
[2m2026-06-01T07:17:50.264483Z[0m [32m INFO[0m [1msave_loop[0m[1m{[0m[3mdoc_id[0m[2m=[0m"bbe8fd6d-5e18-4d43-8c09-59df7cc7860c"[1m}[0m[2m:[0m [2my_sweet::server[0m[2m:[0m Done persisting.
[2m2026-06-01T07:17:50.264576Z[0m [32m INFO[0m [1msave_loop[0m[1m{[0m[3mdoc_id[0m[2m=[0m"instasync-vault"[1m}[0m[2m:[0m [2my_sweet::server[0m[2m:[0m Done persisting.
[2m2026-06-01T07:18:00.276519Z[0m [32m INFO[0m [1msave_loop[0m[1m{[0m[3mdoc_id[0m[2m=[0m"instasync-vault"[1m}[0m[2m:[0m [2my_sweet::server[0m[2m:[0m Received signal. done: false
[2m2026-06-01T07:18:00.276541Z[0m [32m INFO[0m [1msave_loop[0m[1m{[0m[3mdoc_id[0m[2m=[0m"bbe8fd6d-5e18-4d43-8c09-59df7cc7860c"[1m}[0m[2m:[0m [2my_sweet::server[0m[2m:[0m Received signal. done: false
[2m2026-06-01T07:18:00.276566Z[0m [32m INFO[0m [1msave_loop[0m[1m{[0m[3mdoc_id[0m[2m=[0m"bbe8fd6d-5e18-4d43-8c09-59df7cc7860c"[1m}[0m[2m:[0m [2my_sweet::server[0m[2m:[0m Persisting.
[2m2026-06-01T07:18:00.276550Z[0m [32m INFO[0m [1msave_loop[0m[1m{[0m[3mdoc_id[0m[2m=[0m"instasync-vault"[1m}[0m[2m:[0m [2my_sweet::server[0m[2m:[0m Persisting.
[2m2026-06-01T07:18:00.276575Z[0m [32m INFO[0m [1msave_loop[0m[1m{[0m[3mdoc_id[0m[2m=[0m"bbe8fd6d-5e18-4d43-8c09-59df7cc7860c"[1m}[0m[2m:[0m [2my_sweet_core::sync_kv[0m[2m:[0m Persisting snapshot [3msize[0m[2m=[0m116
[2m2026-06-01T07:18:00.276594Z[0m [32m INFO[0m [1msave_loop[0m[1m{[0m[3mdoc_id[0m[2m=[0m"instasync-vault"[1m}[0m[2m:[0m [2my_sweet_core::sync_kv[0m[2m:[0m Persisting snapshot [3msize[0m[2m=[0m154
[2m2026-06-01T07:18:00.276988Z[0m [32m INFO[0m [1msave_loop[0m[1m{[0m[3mdoc_id[0m[2m=[0m"instasync-vault"[1m}[0m[2m:[0m [2my_sweet::server[0m[2m:[0m Done persisting.
[2m2026-06-01T07:18:00.277011Z[0m [32m INFO[0m [1msave_loop[0m[1m{[0m[3mdoc_id[0m[2m=[0m"bbe8fd6d-5e18-4d43-8c09-59df7cc7860c"[1m}[0m[2m:[0m [2my_sweet::server[0m[2m:[0m Done persisting.
[2m2026-06-01T07:18:10.285784Z[0m [32m INFO[0m [1msave_loop[0m[1m{[0m[3mdoc_id[0m[2m=[0m"bbe8fd6d-5e18-4d43-8c09-59df7cc7860c"[1m}[0m[2m:[0m [2my_sweet::server[0m[2m:[0m Received signal. done: false
[2m2026-06-01T07:18:10.285809Z[0m [32m INFO[0m [1msave_loop[0m[1m{[0m[3mdoc_id[0m[2m=[0m"bbe8fd6d-5e18-4d43-8c09-59df7cc7860c"[1m}[0m[2m:[0m [2my_sweet::server[0m[2m:[0m Persisting.
[2m2026-06-01T07:18:10.285784Z[0m [32m INFO[0m [1msave_loop[0m[1m{[0m[3mdoc_id[0m[2m=[0m"instasync-vault"[1m}[0m[2m:[0m [2my_sweet::server[0m[2m:[0m Received signal. done: false
[2m2026-06-01T07:18:10.285816Z[0m [32m INFO[0m [1msave_loop[0m[1m{[0m[3mdoc_id[0m[2m=[0m"bbe8fd6d-5e18-4d43-8c09-59df7cc7860c"[1m}[0m[2m:[0m [2my_sweet_core::sync_kv[0m[2m:[0m Persisting snapshot [3msize[0m[2m=[0m116
[2m2026-06-01T07:18:10.285830Z[0m [32m INFO[0m [1msave_loop[0m[1m{[0m[3mdoc_id[0m[2m=[0m"instasync-vault"[1m}[0m[2m:[0m [2my_sweet::server[0m[2m:[0m Persisting.
[2m2026-06-01T07:18:10.285858Z[0m [32m INFO[0m [1msave_loop[0m[1m{[0m[3mdoc_id[0m[2m=[0m"instasync-vault"[1m}[0m[2m:[0m [2my_sweet_core::sync_kv[0m[2m:[0m Persisting snapshot [3msize[0m[2m=[0m154
[2m2026-06-01T07:18:10.286339Z[0m [32m INFO[0m [1msave_loop[0m[1m{[0m[3mdoc_id[0m[2m=[0m"instasync-vault"[1m}[0m[2m:[0m [2my_sweet::server[0m[2m:[0m Done persisting.
[2m2026-06-01T07:18:10.286373Z[0m [32m INFO[0m [1msave_loop[0m[1m{[0m[3mdoc_id[0m[2m=[0m"bbe8fd6d-5e18-4d43-8c09-59df7cc7860c"[1m}[0m[2m:[0m [2my_sweet::server[0m[2m:[0m Done persisting.
[2m2026-06-01T07:18:20.291383Z[0m [32m INFO[0m [1msave_loop[0m[1m{[0m[3mdoc_id[0m[2m=[0m"bbe8fd6d-5e18-4d43-8c09-59df7cc7860c"[1m}[0m[2m:[0m [2my_sweet::server[0m[2m:[0m Received signal. done: false
[2m2026-06-01T07:18:20.291420Z[0m [32m INFO[0m [1msave_loop[0m[1m{[0m[3mdoc_id[0m[2m=[0m"bbe8fd6d-5e18-4d43-8c09-59df7cc7860c"[1m}[0m[2m:[0m [2my_sweet::server[0m[2m:[0m Persisting.
[2m2026-06-01T07:18:20.291392Z[0m [32m INFO[0m [1msave_loop[0m[1m{[0m[3mdoc_id[0m[2m=[0m"instasync-vault"[1m}[0m[2m:[0m [2my_sweet::server[0m[2m:[0m Received signal. done: false
[2m2026-06-01T07:18:20.291431Z[0m [32m INFO[0m [1msave_loop[0m[1m{[0m[3mdoc_id[0m[2m=[0m"bbe8fd6d-5e18-4d43-8c09-59df7cc7860c"[1m}[0m[2m:[0m [2my_sweet_core::sync_kv[0m[2m:[0m Persisting snapshot [3msize[0m[2m=[0m116
[2m2026-06-01T07:18:20.291439Z[0m [32m INFO[0m [1msave_loop[0m[1m{[0m[3mdoc_id[0m[2m=[0m"instasync-vault"[1m}[0m[2m:[0m [2my_sweet::server[0m[2m:[0m Persisting.
[2m2026-06-01T07:18:20.291449Z[0m [32m INFO[0m [1msave_loop[0m[1m{[0m[3mdoc_id[0m[2m=[0m"instasync-vault"[1m}[0m[2m:[0m [2my_sweet_core::sync_kv[0m[2m:[0m Persisting snapshot [3msize[0m[2m=[0m154
[2m2026-06-01T07:18:20.291897Z[0m [32m INFO[0m [1msave_loop[0m[1m{[0m[3mdoc_id[0m[2m=[0m"instasync-vault"[1m}[0m[2m:[0m [2my_sweet::server[0m[2m:[0m Done persisting.
[2m2026-06-01T07:18:20.291942Z[0m [32m INFO[0m [1msave_loop[0m[1m{[0m[3mdoc_id[0m[2m=[0m"bbe8fd6d-5e18-4d43-8c09-59df7cc7860c"[1m}[0m[2m:[0m [2my_sweet::server[0m[2m:[0m Done persisting.
[2m2026-06-01T07:18:30.304541Z[0m [32m INFO[0m [1msave_loop[0m[1m{[0m[3mdoc_id[0m[2m=[0m"bbe8fd6d-5e18-4d43-8c09-59df7cc7860c"[1m}[0m[2m:[0m [2my_sweet::server[0m[2m:[0m Received signal. done: false
[2m2026-06-01T07:18:30.304572Z[0m [32m INFO[0m [1msave_loop[0m[1m{[0m[3mdoc_id[0m[2m=[0m"bbe8fd6d-5e18-4d43-8c09-59df7cc7860c"[1m}[0m[2m:[0m [2my_sweet::server[0m[2m:[0m Persisting.
[2m2026-06-01T07:18:30.304548Z[0m [32m INFO[0m [1msave_loop[0m[1m{[0m[3mdoc_id[0m[2m=[0m"instasync-vault"[1m}[0m[2m:[0m [2my_sweet::server[0m[2m:[0m Received signal. done: false
[2m2026-06-01T07:18:30.304579Z[0m [32m INFO[0m [1msave_loop[0m[1m{[0m[3mdoc_id[0m[2m=[0m"bbe8fd6d-5e18-4d43-8c09-59df7cc7860c"[1m}[0m[2m:[0m [2my_sweet_core::sync_kv[0m[2m:[0m Persisting snapshot [3msize[0m[2m=[0m116
[2m2026-06-01T07:18:30.304589Z[0m [32m INFO[0m [1msave_loop[0m[1m{[0m[3mdoc_id[0m[2m=[0m"instasync-vault"[1m}[0m[2m:[0m [2my_sweet::server[0m[2m:[0m Persisting.
[2m2026-06-01T07:18:30.304600Z[0m [32m INFO[0m [1msave_loop[0m[1m{[0m[3mdoc_id[0m[2m=[0m"instasync-vault"[1m}[0m[2m:[0m [2my_sweet_core::sync_kv[0m[2m:[0m Persisting snapshot [3msize[0m[2m=[0m154
[2m2026-06-01T07:18:30.305086Z[0m [32m INFO[0m [1msave_loop[0m[1m{[0m[3mdoc_id[0m[2m=[0m"bbe8fd6d-5e18-4d43-8c09-59df7cc7860c"[1m}[0m[2m:[0m [2my_sweet::server[0m[2m:[0m Done persisting.
[2m2026-06-01T07:18:30.305124Z[0m [32m INFO[0m [1msave_loop[0m[1m{[0m[3mdoc_id[0m[2m=[0m"instasync-vault"[1m}[0m[2m:[0m [2my_sweet::server[0m[2m:[0m Done persisting.
[2m2026-06-01T07:18:40.319937Z[0m [32m INFO[0m [1msave_loop[0m[1m{[0m[3mdoc_id[0m[2m=[0m"instasync-vault"[1m}[0m[2m:[0m [2my_sweet::server[0m[2m:[0m Received signal. done: false
[2m2026-06-01T07:18:40.319973Z[0m [32m INFO[0m [1msave_loop[0m[1m{[0m[3mdoc_id[0m[2m=[0m"instasync-vault"[1m}[0m[2m:[0m [2my_sweet::server[0m[2m:[0m Persisting.
[2m2026-06-01T07:18:40.319937Z[0m [32m INFO[0m [1msave_loop[0m[1m{[0m[3mdoc_id[0m[2m=[0m"bbe8fd6d-5e18-4d43-8c09-59df7cc7860c"[1m}[0m[2m:[0m [2my_sweet::server[0m[2m:[0m Received signal. done: false
[2m2026-06-01T07:18:40.319981Z[0m [32m INFO[0m [1msave_loop[0m[1m{[0m[3mdoc_id[0m[2m=[0m"instasync-vault"[1m}[0m[2m:[0m [2my_sweet_core::sync_kv[0m[2m:[0m Persisting snapshot [3msize[0m[2m=[0m154
[2m2026-06-01T07:18:40.319985Z[0m [32m INFO[0m [1msave_loop[0m[1m{[0m[3mdoc_id[0m[2m=[0m"bbe8fd6d-5e18-4d43-8c09-59df7cc7860c"[1m}[0m[2m:[0m [2my_sweet::server[0m[2m:[0m Persisting.
[2m2026-06-01T07:18:40.319998Z[0m [32m INFO[0m [1msave_loop[0m[1m{[0m[3mdoc_id[0m[2m=[0m"bbe8fd6d-5e18-4d43-8c09-59df7cc7860c"[1m}[0m[2m:[0m [2my_sweet_core::sync_kv[0m[2m:[0m Persisting snapshot [3msize[0m[2m=[0m116
[2m2026-06-01T07:18:40.320400Z[0m [32m INFO[0m [1msave_loop[0m[1m{[0m[3mdoc_id[0m[2m=[0m"instasync-vault"[1m}[0m[2m:[0m [2my_sweet::server[0m[2m:[0m Done persisting.
[2m2026-06-01T07:18:40.320413Z[0m [32m INFO[0m [1msave_loop[0m[1m{[0m[3mdoc_id[0m[2m=[0m"bbe8fd6d-5e18-4d43-8c09-59df7cc7860c"[1m}[0m[2m:[0m [2my_sweet::server[0m[2m:[0m Done persisting.
[2m2026-06-01T07:18:50.327350Z[0m [32m INFO[0m [1msave_loop[0m[1m{[0m[3mdoc_id[0m[2m=[0m"bbe8fd6d-5e18-4d43-8c09-59df7cc7860c"[1m}[0m[2m:[0m [2my_sweet::server[0m[2m:[0m Received signal. done: false
[2m2026-06-01T07:18:50.327374Z[0m [32m INFO[0m [1msave_loop[0m[1m{[0m[3mdoc_id[0m[2m=[0m"bbe8fd6d-5e18-4d43-8c09-59df7cc7860c"[1m}[0m[2m:[0m [2my_sweet::server[0m[2m:[0m Persisting.
[2m2026-06-01T07:18:50.327349Z[0m [32m INFO[0m [1msave_loop[0m[1m{[0m[3mdoc_id[0m[2m=[0m"instasync-vault"[1m}[0m[2m:[0m [2my_sweet::server[0m[2m:[0m Received signal. done: false
[2m2026-06-01T07:18:50.327387Z[0m [32m INFO[0m [1msave_loop[0m[1m{[0m[3mdoc_id[0m[2m=[0m"bbe8fd6d-5e18-4d43-8c09-59df7cc7860c"[1m}[0m[2m:[0m [2my_sweet_core::sync_kv[0m[2m:[0m Persisting snapshot [3msize[0m[2m=[0m116
[2m2026-06-01T07:18:50.327403Z[0m [32m INFO[0m [1msave_loop[0m[1m{[0m[3mdoc_id[0m[2m=[0m"instasync-vault"[1m}[0m[2m:[0m [2my_sweet::server[0m[2m:[0m Persisting.
[2m2026-06-01T07:18:50.327417Z[0m [32m INFO[0m [1msave_loop[0m[1m{[0m[3mdoc_id[0m[2m=[0m"instasync-vault"[1m}[0m[2m:[0m [2my_sweet_core::sync_kv[0m[2m:[0m Persisting snapshot [3msize[0m[2m=[0m154
[2m2026-06-01T07:18:50.327853Z[0m [32m INFO[0m [1msave_loop[0m[1m{[0m[3mdoc_id[0m[2m=[0m"instasync-vault"[1m}[0m[2m:[0m [2my_sweet::server[0m[2m:[0m Done persisting.
[2m2026-06-01T07:18:50.327916Z[0m [32m INFO[0m [1msave_loop[0m[1m{[0m[3mdoc_id[0m[2m=[0m"bbe8fd6d-5e18-4d43-8c09-59df7cc7860c"[1m}[0m[2m:[0m [2my_sweet::server[0m[2m:[0m Done persisting.
[2m2026-06-01T07:19:00.331962Z[0m [32m INFO[0m [1msave_loop[0m[1m{[0m[3mdoc_id[0m[2m=[0m"instasync-vault"[1m}[0m[2m:[0m [2my_sweet::server[0m[2m:[0m Received signal. done: false
[2m2026-06-01T07:19:00.331988Z[0m [32m INFO[0m [1msave_loop[0m[1m{[0m[3mdoc_id[0m[2m=[0m"instasync-vault"[1m}[0m[2m:[0m [2my_sweet::server[0m[2m:[0m Persisting.
[2m2026-06-01T07:19:00.331971Z[0m [32m INFO[0m [1msave_loop[0m[1m{[0m[3mdoc_id[0m[2m=[0m"bbe8fd6d-5e18-4d43-8c09-59df7cc7860c"[1m}[0m[2m:[0m [2my_sweet::server[0m[2m:[0m Received signal. done: false
[2m2026-06-01T07:19:00.331994Z[0m [32m INFO[0m [1msave_loop[0m[1m{[0m[3mdoc_id[0m[2m=[0m"instasync-vault"[1m}[0m[2m:[0m [2my_sweet_core::sync_kv[0m[2m:[0m Persisting snapshot [3msize[0m[2m=[0m154
[2m2026-06-01T07:19:00.331999Z[0m [32m INFO[0m [1msave_loop[0m[1m{[0m[3mdoc_id[0m[2m=[0m"bbe8fd6d-5e18-4d43-8c09-59df7cc7860c"[1m}[0m[2m:[0m [2my_sweet::server[0m[2m:[0m Persisting.
[2m2026-06-01T07:19:00.332008Z[0m [32m INFO[0m [1msave_loop[0m[1m{[0m[3mdoc_id[0m[2m=[0m"bbe8fd6d-5e18-4d43-8c09-59df7cc7860c"[1m}[0m[2m:[0m [2my_sweet_core::sync_kv[0m[2m:[0m Persisting snapshot [3msize[0m[2m=[0m116
[2m2026-06-01T07:19:00.332408Z[0m [32m INFO[0m [1msave_loop[0m[1m{[0m[3mdoc_id[0m[2m=[0m"instasync-vault"[1m}[0m[2m:[0m [2my_sweet::server[0m[2m:[0m Done persisting.
[2m2026-06-01T07:19:00.332532Z[0m [32m INFO[0m [1msave_loop[0m[1m{[0m[3mdoc_id[0m[2m=[0m"bbe8fd6d-5e18-4d43-8c09-59df7cc7860c"[1m}[0m[2m:[0m [2my_sweet::server[0m[2m:[0m Done persisting.
[2m2026-06-01T07:19:10.337828Z[0m [32m INFO[0m [1msave_loop[0m[1m{[0m[3mdoc_id[0m[2m=[0m"instasync-vault"[1m}[0m[2m:[0m [2my_sweet::server[0m[2m:[0m Received signal. done: false
[2m2026-06-01T07:19:10.337850Z[0m [32m INFO[0m [1msave_loop[0m[1m{[0m[3mdoc_id[0m[2m=[0m"instasync-vault"[1m}[0m[2m:[0m [2my_sweet::server[0m[2m:[0m Persisting.
[2m2026-06-01T07:19:10.337826Z[0m [32m INFO[0m [1msave_loop[0m[1m{[0m[3mdoc_id[0m[2m=[0m"bbe8fd6d-5e18-4d43-8c09-59df7cc7860c"[1m}[0m[2m:[0m [2my_sweet::server[0m[2m:[0m Received signal. done: false
[2m2026-06-01T07:19:10.337856Z[0m [32m INFO[0m [1msave_loop[0m[1m{[0m[3mdoc_id[0m[2m=[0m"instasync-vault"[1m}[0m[2m:[0m [2my_sweet_core::sync_kv[0m[2m:[0m Persisting snapshot [3msize[0m[2m=[0m154
[2m2026-06-01T07:19:10.337866Z[0m [32m INFO[0m [1msave_loop[0m[1m{[0m[3mdoc_id[0m[2m=[0m"bbe8fd6d-5e18-4d43-8c09-59df7cc7860c"[1m}[0m[2m:[0m [2my_sweet::server[0m[2m:[0m Persisting.
[2m2026-06-01T07:19:10.337873Z[0m [32m INFO[0m [1msave_loop[0m[1m{[0m[3mdoc_id[0m[2m=[0m"bbe8fd6d-5e18-4d43-8c09-59df7cc7860c"[1m}[0m[2m:[0m [2my_sweet_core::sync_kv[0m[2m:[0m Persisting snapshot [3msize[0m[2m=[0m116
[2m2026-06-01T07:19:10.338322Z[0m [32m INFO[0m [1msave_loop[0m[1m{[0m[3mdoc_id[0m[2m=[0m"instasync-vault"[1m}[0m[2m:[0m [2my_sweet::server[0m[2m:[0m Done persisting.
[2m2026-06-01T07:19:10.338385Z[0m [32m INFO[0m [1msave_loop[0m[1m{[0m[3mdoc_id[0m[2m=[0m"bbe8fd6d-5e18-4d43-8c09-59df7cc7860c"[1m}[0m[2m:[0m [2my_sweet::server[0m[2m:[0m Done persisting.
[2m2026-06-01T07:19:20.352773Z[0m [32m INFO[0m [1msave_loop[0m[1m{[0m[3mdoc_id[0m[2m=[0m"bbe8fd6d-5e18-4d43-8c09-59df7cc7860c"[1m}[0m[2m:[0m [2my_sweet::server[0m[2m:[0m Received signal. done: false
[2m2026-06-01T07:19:20.352799Z[0m [32m INFO[0m [1msave_loop[0m[1m{[0m[3mdoc_id[0m[2m=[0m"bbe8fd6d-5e18-4d43-8c09-59df7cc7860c"[1m}[0m[2m:[0m [2my_sweet::server[0m[2m:[0m Persisting.
[2m2026-06-01T07:19:20.352781Z[0m [32m INFO[0m [1msave_loop[0m[1m{[0m[3mdoc_id[0m[2m=[0m"instasync-vault"[1m}[0m[2m:[0m [2my_sweet::server[0m[2m:[0m Received signal. done: false
[2m2026-06-01T07:19:20.352807Z[0m [32m INFO[0m [1msave_loop[0m[1m{[0m[3mdoc_id[0m[2m=[0m"bbe8fd6d-5e18-4d43-8c09-59df7cc7860c"[1m}[0m[2m:[0m [2my_sweet_core::sync_kv[0m[2m:[0m Persisting snapshot [3msize[0m[2m=[0m116
[2m2026-06-01T07:19:20.352828Z[0m [32m INFO[0m [1msave_loop[0m[1m{[0m[3mdoc_id[0m[2m=[0m"instasync-vault"[1m}[0m[2m:[0m [2my_sweet::server[0m[2m:[0m Persisting.
[2m2026-06-01T07:19:20.352841Z[0m [32m INFO[0m [1msave_loop[0m[1m{[0m[3mdoc_id[0m[2m=[0m"instasync-vault"[1m}[0m[2m:[0m [2my_sweet_core::sync_kv[0m[2m:[0m Persisting snapshot [3msize[0m[2m=[0m154
[2m2026-06-01T07:19:20.353259Z[0m [32m INFO[0m [1msave_loop[0m[1m{[0m[3mdoc_id[0m[2m=[0m"bbe8fd6d-5e18-4d43-8c09-59df7cc7860c"[1m}[0m[2m:[0m [2my_sweet::server[0m[2m:[0m Done persisting.
[2m2026-06-01T07:19:20.353380Z[0m [32m INFO[0m [1msave_loop[0m[1m{[0m[3mdoc_id[0m[2m=[0m"instasync-vault"[1m}[0m[2m:[0m [2my_sweet::server[0m[2m:[0m Done persisting.
[2m2026-06-01T07:19:30.358228Z[0m [32m INFO[0m [1msave_loop[0m[1m{[0m[3mdoc_id[0m[2m=[0m"instasync-vault"[1m}[0m[2m:[0m [2my_sweet::server[0m[2m:[0m Received signal. done: false
[2m2026-06-01T07:19:30.358255Z[0m [32m INFO[0m [1msave_loop[0m[1m{[0m[3mdoc_id[0m[2m=[0m"instasync-vault"[1m}[0m[2m:[0m [2my_sweet::server[0m[2m:[0m Persisting.
[2m2026-06-01T07:19:30.358237Z[0m [32m INFO[0m [1msave_loop[0m[1m{[0m[3mdoc_id[0m[2m=[0m"bbe8fd6d-5e18-4d43-8c09-59df7cc7860c"[1m}[0m[2m:[0m [2my_sweet::server[0m[2m:[0m Received signal. done: false
[2m2026-06-01T07:19:30.358262Z[0m [32m INFO[0m [1msave_loop[0m[1m{[0m[3mdoc_id[0m[2m=[0m"instasync-vault"[1m}[0m[2m:[0m [2my_sweet_core::sync_kv[0m[2m:[0m Persisting snapshot [3msize[0m[2m=[0m154
[2m2026-06-01T07:19:30.358273Z[0m [32m INFO[0m [1msave_loop[0m[1m{[0m[3mdoc_id[0m[2m=[0m"bbe8fd6d-5e18-4d43-8c09-59df7cc7860c"[1m}[0m[2m:[0m [2my_sweet::server[0m[2m:[0m Persisting.
[2m2026-06-01T07:19:30.358290Z[0m [32m INFO[0m [1msave_loop[0m[1m{[0m[3mdoc_id[0m[2m=[0m"bbe8fd6d-5e18-4d43-8c09-59df7cc7860c"[1m}[0m[2m:[0m [2my_sweet_core::sync_kv[0m[2m:[0m Persisting snapshot [3msize[0m[2m=[0m116
[2m2026-06-01T07:19:30.358682Z[0m [32m INFO[0m [1msave_loop[0m[1m{[0m[3mdoc_id[0m[2m=[0m"instasync-vault"[1m}[0m[2m:[0m [2my_sweet::server[0m[2m:[0m Done persisting.
[2m2026-06-01T07:19:30.358785Z[0m [32m INFO[0m [1msave_loop[0m[1m{[0m[3mdoc_id[0m[2m=[0m"bbe8fd6d-5e18-4d43-8c09-59df7cc7860c"[1m}[0m[2m:[0m [2my_sweet::server[0m[2m:[0m Done persisting.
[2m2026-06-01T07:19:40.359938Z[0m [32m INFO[0m [1msave_loop[0m[1m{[0m[3mdoc_id[0m[2m=[0m"instasync-vault"[1m}[0m[2m:[0m [2my_sweet::server[0m[2m:[0m Received signal. done: false
[2m2026-06-01T07:19:40.359963Z[0m [32m INFO[0m [1msave_loop[0m[1m{[0m[3mdoc_id[0m[2m=[0m"instasync-vault"[1m}[0m[2m:[0m [2my_sweet::server[0m[2m:[0m Persisting.
[2m2026-06-01T07:19:40.359937Z[0m [32m INFO[0m [1msave_loop[0m[1m{[0m[3mdoc_id[0m[2m=[0m"bbe8fd6d-5e18-4d43-8c09-59df7cc7860c"[1m}[0m[2m:[0m [2my_sweet::server[0m[2m:[0m Received signal. done: false
[2m2026-06-01T07:19:40.359971Z[0m [32m INFO[0m [1msave_loop[0m[1m{[0m[3mdoc_id[0m[2m=[0m"instasync-vault"[1m}[0m[2m:[0m [2my_sweet_core::sync_kv[0m[2m:[0m Persisting snapshot [3msize[0m[2m=[0m154
[2m2026-06-01T07:19:40.359977Z[0m [32m INFO[0m [1msave_loop[0m[1m{[0m[3mdoc_id[0m[2m=[0m"bbe8fd6d-5e18-4d43-8c09-59df7cc7860c"[1m}[0m[2m:[0m [2my_sweet::server[0m[2m:[0m Persisting.
[2m2026-06-01T07:19:40.359984Z[0m [32m INFO[0m [1msave_loop[0m[1m{[0m[3mdoc_id[0m[2m=[0m"bbe8fd6d-5e18-4d43-8c09-59df7cc7860c"[1m}[0m[2m:[0m [2my_sweet_core::sync_kv[0m[2m:[0m Persisting snapshot [3msize[0m[2m=[0m116
[2m2026-06-01T07:19:40.360379Z[0m [32m INFO[0m [1msave_loop[0m[1m{[0m[3mdoc_id[0m[2m=[0m"instasync-vault"[1m}[0m[2m:[0m [2my_sweet::server[0m[2m:[0m Done persisting.
[2m2026-06-01T07:19:40.360434Z[0m [32m INFO[0m [1msave_loop[0m[1m{[0m[3mdoc_id[0m[2m=[0m"bbe8fd6d-5e18-4d43-8c09-59df7cc7860c"[1m}[0m[2m:[0m [2my_sweet::server[0m[2m:[0m Done persisting.
[2m2026-06-01T07:19:50.373736Z[0m [32m INFO[0m [1msave_loop[0m[1m{[0m[3mdoc_id[0m[2m=[0m"instasync-vault"[1m}[0m[2m:[0m [2my_sweet::server[0m[2m:[0m Received signal. done: false
[2m2026-06-01T07:19:50.373767Z[0m [32m INFO[0m [1msave_loop[0m[1m{[0m[3mdoc_id[0m[2m=[0m"instasync-vault"[1m}[0m[2m:[0m [2my_sweet::server[0m[2m:[0m Persisting.
[2m2026-06-01T07:19:50.373736Z[0m [32m INFO[0m [1msave_loop[0m[1m{[0m[3mdoc_id[0m[2m=[0m"bbe8fd6d-5e18-4d43-8c09-59df7cc7860c"[1m}[0m[2m:[0m [2my_sweet::server[0m[2m:[0m Received signal. done: false
[2m2026-06-01T07:19:50.373778Z[0m [32m INFO[0m [1msave_loop[0m[1m{[0m[3mdoc_id[0m[2m=[0m"instasync-vault"[1m}[0m[2m:[0m [2my_sweet_core::sync_kv[0m[2m:[0m Persisting snapshot [3msize[0m[2m=[0m154
[2m2026-06-01T07:19:50.373796Z[0m [32m INFO[0m [1msave_loop[0m[1m{[0m[3mdoc_id[0m[2m=[0m"bbe8fd6d-5e18-4d43-8c09-59df7cc7860c"[1m}[0m[2m:[0m [2my_sweet::server[0m[2m:[0m Persisting.
[2m2026-06-01T07:19:50.373809Z[0m [32m INFO[0m [1msave_loop[0m[1m{[0m[3mdoc_id[0m[2m=[0m"bbe8fd6d-5e18-4d43-8c09-59df7cc7860c"[1m}[0m[2m:[0m [2my_sweet_core::sync_kv[0m[2m:[0m Persisting snapshot [3msize[0m[2m=[0m116
[2m2026-06-01T07:19:50.374217Z[0m [32m INFO[0m [1msave_loop[0m[1m{[0m[3mdoc_id[0m[2m=[0m"instasync-vault"[1m}[0m[2m:[0m [2my_sweet::server[0m[2m:[0m Done persisting.
[2m2026-06-01T07:19:50.374297Z[0m [32m INFO[0m [1msave_loop[0m[1m{[0m[3mdoc_id[0m[2m=[0m"bbe8fd6d-5e18-4d43-8c09-59df7cc7860c"[1m}[0m[2m:[0m [2my_sweet::server[0m[2m:[0m Done persisting.
[2m2026-06-01T07:20:00.377849Z[0m [32m INFO[0m [1msave_loop[0m[1m{[0m[3mdoc_id[0m[2m=[0m"instasync-vault"[1m}[0m[2m:[0m [2my_sweet::server[0m[2m:[0m Received signal. done: false
[2m2026-06-01T07:20:00.377855Z[0m [32m INFO[0m [1msave_loop[0m[1m{[0m[3mdoc_id[0m[2m=[0m"bbe8fd6d-5e18-4d43-8c09-59df7cc7860c"[1m}[0m[2m:[0m [2my_sweet::server[0m[2m:[0m Received signal. done: false
[2m2026-06-01T07:20:00.377882Z[0m [32m INFO[0m [1msave_loop[0m[1m{[0m[3mdoc_id[0m[2m=[0m"instasync-vault"[1m}[0m[2m:[0m [2my_sweet::server[0m[2m:[0m Persisting.
[2m2026-06-01T07:20:00.377894Z[0m [32m INFO[0m [1msave_loop[0m[1m{[0m[3mdoc_id[0m[2m=[0m"bbe8fd6d-5e18-4d43-8c09-59df7cc7860c"[1m}[0m[2m:[0m [2my_sweet::server[0m[2m:[0m Persisting.
[2m2026-06-01T07:20:00.377908Z[0m [32m INFO[0m [1msave_loop[0m[1m{[0m[3mdoc_id[0m[2m=[0m"instasync-vault"[1m}[0m[2m:[0m [2my_sweet_core::sync_kv[0m[2m:[0m Persisting snapshot [3msize[0m[2m=[0m154
[2m2026-06-01T07:20:00.377910Z[0m [32m INFO[0m [1msave_loop[0m[1m{[0m[3mdoc_id[0m[2m=[0m"bbe8fd6d-5e18-4d43-8c09-59df7cc7860c"[1m}[0m[2m:[0m [2my_sweet_core::sync_kv[0m[2m:[0m Persisting snapshot [3msize[0m[2m=[0m116
[2m2026-06-01T07:20:00.378328Z[0m [32m INFO[0m [1msave_loop[0m[1m{[0m[3mdoc_id[0m[2m=[0m"bbe8fd6d-5e18-4d43-8c09-59df7cc7860c"[1m}[0m[2m:[0m [2my_sweet::server[0m[2m:[0m Done persisting.
[2m2026-06-01T07:20:00.378449Z[0m [32m INFO[0m [1msave_loop[0m[1m{[0m[3mdoc_id[0m[2m=[0m"instasync-vault"[1m}[0m[2m:[0m [2my_sweet::server[0m[2m:[0m Done persisting.
[2m2026-06-01T07:20:10.382047Z[0m [32m INFO[0m [1msave_loop[0m[1m{[0m[3mdoc_id[0m[2m=[0m"instasync-vault"[1m}[0m[2m:[0m [2my_sweet::server[0m[2m:[0m Received signal. done: false
[2m2026-06-01T07:20:10.382038Z[0m [32m INFO[0m [1msave_loop[0m[1m{[0m[3mdoc_id[0m[2m=[0m"bbe8fd6d-5e18-4d43-8c09-59df7cc7860c"[1m}[0m[2m:[0m [2my_sweet::server[0m[2m:[0m Received signal. done: false
[2m2026-06-01T07:20:10.382088Z[0m [32m INFO[0m [1msave_loop[0m[1m{[0m[3mdoc_id[0m[2m=[0m"bbe8fd6d-5e18-4d43-8c09-59df7cc7860c"[1m}[0m[2m:[0m [2my_sweet::server[0m[2m:[0m Persisting.
[2m2026-06-01T07:20:10.382097Z[0m [32m INFO[0m [1msave_loop[0m[1m{[0m[3mdoc_id[0m[2m=[0m"bbe8fd6d-5e18-4d43-8c09-59df7cc7860c"[1m}[0m[2m:[0m [2my_sweet_core::sync_kv[0m[2m:[0m Persisting snapshot [3msize[0m[2m=[0m116
[2m2026-06-01T07:20:10.382111Z[0m [32m INFO[0m [1msave_loop[0m[1m{[0m[3mdoc_id[0m[2m=[0m"instasync-vault"[1m}[0m[2m:[0m [2my_sweet::server[0m[2m:[0m Persisting.
[2m2026-06-01T07:20:10.382117Z[0m [32m INFO[0m [1msave_loop[0m[1m{[0m[3mdoc_id[0m[2m=[0m"instasync-vault"[1m}[0m[2m:[0m [2my_sweet_core::sync_kv[0m[2m:[0m Persisting snapshot [3msize[0m[2m=[0m154
[2m2026-06-01T07:20:10.382497Z[0m [32m INFO[0m [1msave_loop[0m[1m{[0m[3mdoc_id[0m[2m=[0m"instasync-vault"[1m}[0m[2m:[0m [2my_sweet::server[0m[2m:[0m Done persisting.
[2m2026-06-01T07:20:10.382527Z[0m [32m INFO[0m [1msave_loop[0m[1m{[0m[3mdoc_id[0m[2m=[0m"bbe8fd6d-5e18-4d43-8c09-59df7cc7860c"[1m}[0m[2m:[0m [2my_sweet::server[0m[2m:[0m Done persisting.
[2m2026-06-01T07:20:20.396593Z[0m [32m INFO[0m [1msave_loop[0m[1m{[0m[3mdoc_id[0m[2m=[0m"instasync-vault"[1m}[0m[2m:[0m [2my_sweet::server[0m[2m:[0m Received signal. done: false
[2m2026-06-01T07:20:20.396616Z[0m [32m INFO[0m [1msave_loop[0m[1m{[0m[3mdoc_id[0m[2m=[0m"instasync-vault"[1m}[0m[2m:[0m [2my_sweet::server[0m[2m:[0m Persisting.
[2m2026-06-01T07:20:20.396588Z[0m [32m INFO[0m [1msave_loop[0m[1m{[0m[3mdoc_id[0m[2m=[0m"bbe8fd6d-5e18-4d43-8c09-59df7cc7860c"[1m}[0m[2m:[0m [2my_sweet::server[0m[2m:[0m Received signal. done: false
[2m2026-06-01T07:20:20.396623Z[0m [32m INFO[0m [1msave_loop[0m[1m{[0m[3mdoc_id[0m[2m=[0m"instasync-vault"[1m}[0m[2m:[0m [2my_sweet_core::sync_kv[0m[2m:[0m Persisting snapshot [3msize[0m[2m=[0m154
[2m2026-06-01T07:20:20.396647Z[0m [32m INFO[0m [1msave_loop[0m[1m{[0m[3mdoc_id[0m[2m=[0m"bbe8fd6d-5e18-4d43-8c09-59df7cc7860c"[1m}[0m[2m:[0m [2my_sweet::server[0m[2m:[0m Persisting.
[2m2026-06-01T07:20:20.396661Z[0m [32m INFO[0m [1msave_loop[0m[1m{[0m[3mdoc_id[0m[2m=[0m"bbe8fd6d-5e18-4d43-8c09-59df7cc7860c"[1m}[0m[2m:[0m [2my_sweet_core::sync_kv[0m[2m:[0m Persisting snapshot [3msize[0m[2m=[0m116
[2m2026-06-01T07:20:20.397048Z[0m [32m INFO[0m [1msave_loop[0m[1m{[0m[3mdoc_id[0m[2m=[0m"instasync-vault"[1m}[0m[2m:[0m [2my_sweet::server[0m[2m:[0m Done persisting.
[2m2026-06-01T07:20:20.397107Z[0m [32m INFO[0m [1msave_loop[0m[1m{[0m[3mdoc_id[0m[2m=[0m"bbe8fd6d-5e18-4d43-8c09-59df7cc7860c"[1m}[0m[2m:[0m [2my_sweet::server[0m[2m:[0m Done persisting.
[2m2026-06-01T07:20:30.406931Z[0m [32m INFO[0m [1msave_loop[0m[1m{[0m[3mdoc_id[0m[2m=[0m"instasync-vault"[1m}[0m[2m:[0m [2my_sweet::server[0m[2m:[0m Received signal. done: false
[2m2026-06-01T07:20:30.406954Z[0m [32m INFO[0m [1msave_loop[0m[1m{[0m[3mdoc_id[0m[2m=[0m"instasync-vault"[1m}[0m[2m:[0m [2my_sweet::server[0m[2m:[0m Persisting.
[2m2026-06-01T07:20:30.406931Z[0m [32m INFO[0m [1msave_loop[0m[1m{[0m[3mdoc_id[0m[2m=[0m"bbe8fd6d-5e18-4d43-8c09-59df7cc7860c"[1m}[0m[2m:[0m [2my_sweet::server[0m[2m:[0m Received signal. done: false
[2m2026-06-01T07:20:30.406962Z[0m [32m INFO[0m [1msave_loop[0m[1m{[0m[3mdoc_id[0m[2m=[0m"instasync-vault"[1m}[0m[2m:[0m [2my_sweet_core::sync_kv[0m[2m:[0m Persisting snapshot [3msize[0m[2m=[0m154
[2m2026-06-01T07:20:30.406976Z[0m [32m INFO[0m [1msave_loop[0m[1m{[0m[3mdoc_id[0m[2m=[0m"bbe8fd6d-5e18-4d43-8c09-59df7cc7860c"[1m}[0m[2m:[0m [2my_sweet::server[0m[2m:[0m Persisting.
[2m2026-06-01T07:20:30.406988Z[0m [32m INFO[0m [1msave_loop[0m[1m{[0m[3mdoc_id[0m[2m=[0m"bbe8fd6d-5e18-4d43-8c09-59df7cc7860c"[1m}[0m[2m:[0m [2my_sweet_core::sync_kv[0m[2m:[0m Persisting snapshot [3msize[0m[2m=[0m116
[2m2026-06-01T07:20:30.407373Z[0m [32m INFO[0m [1msave_loop[0m[1m{[0m[3mdoc_id[0m[2m=[0m"bbe8fd6d-5e18-4d43-8c09-59df7cc7860c"[1m}[0m[2m:[0m [2my_sweet::server[0m[2m:[0m Done persisting.
[2m2026-06-01T07:20:30.407397Z[0m [32m INFO[0m [1msave_loop[0m[1m{[0m[3mdoc_id[0m[2m=[0m"instasync-vault"[1m}[0m[2m:[0m [2my_sweet::server[0m[2m:[0m Done persisting.
[2m2026-06-01T07:20:40.420746Z[0m [32m INFO[0m [1msave_loop[0m[1m{[0m[3mdoc_id[0m[2m=[0m"instasync-vault"[1m}[0m[2m:[0m [2my_sweet::server[0m[2m:[0m Received signal. done: false
[2m2026-06-01T07:20:40.420768Z[0m [32m INFO[0m [1msave_loop[0m[1m{[0m[3mdoc_id[0m[2m=[0m"instasync-vault"[1m}[0m[2m:[0m [2my_sweet::server[0m[2m:[0m Persisting.
[2m2026-06-01T07:20:40.420747Z[0m [32m INFO[0m [1msave_loop[0m[1m{[0m[3mdoc_id[0m[2m=[0m"bbe8fd6d-5e18-4d43-8c09-59df7cc7860c"[1m}[0m[2m:[0m [2my_sweet::server[0m[2m:[0m Received signal. done: false
[2m2026-06-01T07:20:40.420775Z[0m [32m INFO[0m [1msave_loop[0m[1m{[0m[3mdoc_id[0m[2m=[0m"instasync-vault"[1m}[0m[2m:[0m [2my_sweet_core::sync_kv[0m[2m:[0m Persisting snapshot [3msize[0m[2m=[0m154
[2m2026-06-01T07:20:40.420778Z[0m [32m INFO[0m [1msave_loop[0m[1m{[0m[3mdoc_id[0m[2m=[0m"bbe8fd6d-5e18-4d43-8c09-59df7cc7860c"[1m}[0m[2m:[0m [2my_sweet::server[0m[2m:[0m Persisting.
[2m2026-06-01T07:20:40.420784Z[0m [32m INFO[0m [1msave_loop[0m[1m{[0m[3mdoc_id[0m[2m=[0m"bbe8fd6d-5e18-4d43-8c09-59df7cc7860c"[1m}[0m[2m:[0m [2my_sweet_core::sync_kv[0m[2m:[0m Persisting snapshot [3msize[0m[2m=[0m116
[2m2026-06-01T07:20:40.421213Z[0m [32m INFO[0m [1msave_loop[0m[1m{[0m[3mdoc_id[0m[2m=[0m"instasync-vault"[1m}[0m[2m:[0m [2my_sweet::server[0m[2m:[0m Done persisting.
[2m2026-06-01T07:20:40.421232Z[0m [32m INFO[0m [1msave_loop[0m[1m{[0m[3mdoc_id[0m[2m=[0m"bbe8fd6d-5e18-4d43-8c09-59df7cc7860c"[1m}[0m[2m:[0m [2my_sweet::server[0m[2m:[0m Done persisting.
[2m2026-06-01T07:20:50.434045Z[0m [32m INFO[0m [1msave_loop[0m[1m{[0m[3mdoc_id[0m[2m=[0m"bbe8fd6d-5e18-4d43-8c09-59df7cc7860c"[1m}[0m[2m:[0m [2my_sweet::server[0m[2m:[0m Received signal. done: false
[2m2026-06-01T07:20:50.434069Z[0m [32m INFO[0m [1msave_loop[0m[1m{[0m[3mdoc_id[0m[2m=[0m"bbe8fd6d-5e18-4d43-8c09-59df7cc7860c"[1m}[0m[2m:[0m [2my_sweet::server[0m[2m:[0m Persisting.
[2m2026-06-01T07:20:50.434054Z[0m [32m INFO[0m [1msave_loop[0m[1m{[0m[3mdoc_id[0m[2m=[0m"instasync-vault"[1m}[0m[2m:[0m [2my_sweet::server[0m[2m:[0m Received signal. done: false
[2m2026-06-01T07:20:50.434075Z[0m [32m INFO[0m [1msave_loop[0m[1m{[0m[3mdoc_id[0m[2m=[0m"bbe8fd6d-5e18-4d43-8c09-59df7cc7860c"[1m}[0m[2m:[0m [2my_sweet_core::sync_kv[0m[2m:[0m Persisting snapshot [3msize[0m[2m=[0m116
[2m2026-06-01T07:20:50.434092Z[0m [32m INFO[0m [1msave_loop[0m[1m{[0m[3mdoc_id[0m[2m=[0m"instasync-vault"[1m}[0m[2m:[0m [2my_sweet::server[0m[2m:[0m Persisting.
[2m2026-06-01T07:20:50.434107Z[0m [32m INFO[0m [1msave_loop[0m[1m{[0m[3mdoc_id[0m[2m=[0m"instasync-vault"[1m}[0m[2m:[0m [2my_sweet_core::sync_kv[0m[2m:[0m Persisting snapshot [3msize[0m[2m=[0m154
[2m2026-06-01T07:20:50.434488Z[0m [32m INFO[0m [1msave_loop[0m[1m{[0m[3mdoc_id[0m[2m=[0m"bbe8fd6d-5e18-4d43-8c09-59df7cc7860c"[1m}[0m[2m:[0m [2my_sweet::server[0m[2m:[0m Done persisting.
[2m2026-06-01T07:20:50.434532Z[0m [32m INFO[0m [1msave_loop[0m[1m{[0m[3mdoc_id[0m[2m=[0m"instasync-vault"[1m}[0m[2m:[0m [2my_sweet::server[0m[2m:[0m Done persisting.
[2m2026-06-01T07:21:00.441536Z[0m [32m INFO[0m [1msave_loop[0m[1m{[0m[3mdoc_id[0m[2m=[0m"instasync-vault"[1m}[0m[2m:[0m [2my_sweet::server[0m[2m:[0m Received signal. done: false
[2m2026-06-01T07:21:00.441560Z[0m [32m INFO[0m [1msave_loop[0m[1m{[0m[3mdoc_id[0m[2m=[0m"instasync-vault"[1m}[0m[2m:[0m [2my_sweet::server[0m[2m:[0m Persisting.
[2m2026-06-01T07:21:00.441544Z[0m [32m INFO[0m [1msave_loop[0m[1m{[0m[3mdoc_id[0m[2m=[0m"bbe8fd6d-5e18-4d43-8c09-59df7cc7860c"[1m}[0m[2m:[0m [2my_sweet::server[0m[2m:[0m Received signal. done: false
[2m2026-06-01T07:21:00.441567Z[0m [32m INFO[0m [1msave_loop[0m[1m{[0m[3mdoc_id[0m[2m=[0m"instasync-vault"[1m}[0m[2m:[0m [2my_sweet_core::sync_kv[0m[2m:[0m Persisting snapshot [3msize[0m[2m=[0m154
[2m2026-06-01T07:21:00.441573Z[0m [32m INFO[0m [1msave_loop[0m[1m{[0m[3mdoc_id[0m[2m=[0m"bbe8fd6d-5e18-4d43-8c09-59df7cc7860c"[1m}[0m[2m:[0m [2my_sweet::server[0m[2m:[0m Persisting.
[2m2026-06-01T07:21:00.441580Z[0m [32m INFO[0m [1msave_loop[0m[1m{[0m[3mdoc_id[0m[2m=[0m"bbe8fd6d-5e18-4d43-8c09-59df7cc7860c"[1m}[0m[2m:[0m [2my_sweet_core::sync_kv[0m[2m:[0m Persisting snapshot [3msize[0m[2m=[0m116
[2m2026-06-01T07:21:00.441953Z[0m [32m INFO[0m [1msave_loop[0m[1m{[0m[3mdoc_id[0m[2m=[0m"instasync-vault"[1m}[0m[2m:[0m [2my_sweet::server[0m[2m:[0m Done persisting.
[2m2026-06-01T07:21:00.442005Z[0m [32m INFO[0m [1msave_loop[0m[1m{[0m[3mdoc_id[0m[2m=[0m"bbe8fd6d-5e18-4d43-8c09-59df7cc7860c"[1m}[0m[2m:[0m [2my_sweet::server[0m[2m:[0m Done persisting.
[2m2026-06-01T07:21:10.447410Z[0m [32m INFO[0m [1msave_loop[0m[1m{[0m[3mdoc_id[0m[2m=[0m"bbe8fd6d-5e18-4d43-8c09-59df7cc7860c"[1m}[0m[2m:[0m [2my_sweet::server[0m[2m:[0m Received signal. done: false
[2m2026-06-01T07:21:10.447442Z[0m [32m INFO[0m [1msave_loop[0m[1m{[0m[3mdoc_id[0m[2m=[0m"bbe8fd6d-5e18-4d43-8c09-59df7cc7860c"[1m}[0m[2m:[0m [2my_sweet::server[0m[2m:[0m Persisting.
[2m2026-06-01T07:21:10.447419Z[0m [32m INFO[0m [1msave_loop[0m[1m{[0m[3mdoc_id[0m[2m=[0m"instasync-vault"[1m}[0m[2m:[0m [2my_sweet::server[0m[2m:[0m Received signal. done: false
[2m2026-06-01T07:21:10.447452Z[0m [32m INFO[0m [1msave_loop[0m[1m{[0m[3mdoc_id[0m[2m=[0m"bbe8fd6d-5e18-4d43-8c09-59df7cc7860c"[1m}[0m[2m:[0m [2my_sweet_core::sync_kv[0m[2m:[0m Persisting snapshot [3msize[0m[2m=[0m116
[2m2026-06-01T07:21:10.447466Z[0m [32m INFO[0m [1msave_loop[0m[1m{[0m[3mdoc_id[0m[2m=[0m"instasync-vault"[1m}[0m[2m:[0m [2my_sweet::server[0m[2m:[0m Persisting.
[2m2026-06-01T07:21:10.447495Z[0m [32m INFO[0m [1msave_loop[0m[1m{[0m[3mdoc_id[0m[2m=[0m"instasync-vault"[1m}[0m[2m:[0m [2my_sweet_core::sync_kv[0m[2m:[0m Persisting snapshot [3msize[0m[2m=[0m154
[2m2026-06-01T07:21:10.447953Z[0m [32m INFO[0m [1msave_loop[0m[1m{[0m[3mdoc_id[0m[2m=[0m"bbe8fd6d-5e18-4d43-8c09-59df7cc7860c"[1m}[0m[2m:[0m [2my_sweet::server[0m[2m:[0m Done persisting.
[2m2026-06-01T07:21:10.447988Z[0m [32m INFO[0m [1msave_loop[0m[1m{[0m[3mdoc_id[0m[2m=[0m"instasync-vault"[1m}[0m[2m:[0m [2my_sweet::server[0m[2m:[0m Done persisting.
[2m2026-06-01T07:21:20.451719Z[0m [32m INFO[0m [1msave_loop[0m[1m{[0m[3mdoc_id[0m[2m=[0m"instasync-vault"[1m}[0m[2m:[0m [2my_sweet::server[0m[2m:[0m Received signal. done: false
[2m2026-06-01T07:21:20.451742Z[0m [32m INFO[0m [1msave_loop[0m[1m{[0m[3mdoc_id[0m[2m=[0m"instasync-vault"[1m}[0m[2m:[0m [2my_sweet::server[0m[2m:[0m Persisting.
[2m2026-06-01T07:21:20.451717Z[0m [32m INFO[0m [1msave_loop[0m[1m{[0m[3mdoc_id[0m[2m=[0m"bbe8fd6d-5e18-4d43-8c09-59df7cc7860c"[1m}[0m[2m:[0m [2my_sweet::server[0m[2m:[0m Received signal. done: false
[2m2026-06-01T07:21:20.451750Z[0m [32m INFO[0m [1msave_loop[0m[1m{[0m[3mdoc_id[0m[2m=[0m"instasync-vault"[1m}[0m[2m:[0m [2my_sweet_core::sync_kv[0m[2m:[0m Persisting snapshot [3msize[0m[2m=[0m154
[2m2026-06-01T07:21:20.451755Z[0m [32m INFO[0m [1msave_loop[0m[1m{[0m[3mdoc_id[0m[2m=[0m"bbe8fd6d-5e18-4d43-8c09-59df7cc7860c"[1m}[0m[2m:[0m [2my_sweet::server[0m[2m:[0m Persisting.
[2m2026-06-01T07:21:20.451764Z[0m [32m INFO[0m [1msave_loop[0m[1m{[0m[3mdoc_id[0m[2m=[0m"bbe8fd6d-5e18-4d43-8c09-59df7cc7860c"[1m}[0m[2m:[0m [2my_sweet_core::sync_kv[0m[2m:[0m Persisting snapshot [3msize[0m[2m=[0m116
[2m2026-06-01T07:21:20.452168Z[0m [32m INFO[0m [1msave_loop[0m[1m{[0m[3mdoc_id[0m[2m=[0m"instasync-vault"[1m}[0m[2m:[0m [2my_sweet::server[0m[2m:[0m Done persisting.
[2m2026-06-01T07:21:20.452180Z[0m [32m INFO[0m [1msave_loop[0m[1m{[0m[3mdoc_id[0m[2m=[0m"bbe8fd6d-5e18-4d43-8c09-59df7cc7860c"[1m}[0m[2m:[0m [2my_sweet::server[0m[2m:[0m Done persisting.
[2m2026-06-01T07:21:30.465636Z[0m [32m INFO[0m [1msave_loop[0m[1m{[0m[3mdoc_id[0m[2m=[0m"bbe8fd6d-5e18-4d43-8c09-59df7cc7860c"[1m}[0m[2m:[0m [2my_sweet::server[0m[2m:[0m Received signal. done: false
[2m2026-06-01T07:21:30.465663Z[0m [32m INFO[0m [1msave_loop[0m[1m{[0m[3mdoc_id[0m[2m=[0m"bbe8fd6d-5e18-4d43-8c09-59df7cc7860c"[1m}[0m[2m:[0m [2my_sweet::server[0m[2m:[0m Persisting.
[2m2026-06-01T07:21:30.465644Z[0m [32m INFO[0m [1msave_loop[0m[1m{[0m[3mdoc_id[0m[2m=[0m"instasync-vault"[1m}[0m[2m:[0m [2my_sweet::server[0m[2m:[0m Received signal. done: false
[2m2026-06-01T07:21:30.465670Z[0m [32m INFO[0m [1msave_loop[0m[1m{[0m[3mdoc_id[0m[2m=[0m"bbe8fd6d-5e18-4d43-8c09-59df7cc7860c"[1m}[0m[2m:[0m [2my_sweet_core::sync_kv[0m[2m:[0m Persisting snapshot [3msize[0m[2m=[0m116
[2m2026-06-01T07:21:30.465689Z[0m [32m INFO[0m [1msave_loop[0m[1m{[0m[3mdoc_id[0m[2m=[0m"instasync-vault"[1m}[0m[2m:[0m [2my_sweet::server[0m[2m:[0m Persisting.
[2m2026-06-01T07:21:30.465716Z[0m [32m INFO[0m [1msave_loop[0m[1m{[0m[3mdoc_id[0m[2m=[0m"instasync-vault"[1m}[0m[2m:[0m [2my_sweet_core::sync_kv[0m[2m:[0m Persisting snapshot [3msize[0m[2m=[0m154
[2m2026-06-01T07:21:30.466104Z[0m [32m INFO[0m [1msave_loop[0m[1m{[0m[3mdoc_id[0m[2m=[0m"instasync-vault"[1m}[0m[2m:[0m [2my_sweet::server[0m[2m:[0m Done persisting.
[2m2026-06-01T07:21:30.466200Z[0m [32m INFO[0m [1msave_loop[0m[1m{[0m[3mdoc_id[0m[2m=[0m"bbe8fd6d-5e18-4d43-8c09-59df7cc7860c"[1m}[0m[2m:[0m [2my_sweet::server[0m[2m:[0m Done persisting.
[2m2026-06-01T07:21:40.474610Z[0m [32m INFO[0m [1msave_loop[0m[1m{[0m[3mdoc_id[0m[2m=[0m"bbe8fd6d-5e18-4d43-8c09-59df7cc7860c"[1m}[0m[2m:[0m [2my_sweet::server[0m[2m:[0m Received signal. done: false
[2m2026-06-01T07:21:40.474620Z[0m [32m INFO[0m [1msave_loop[0m[1m{[0m[3mdoc_id[0m[2m=[0m"instasync-vault"[1m}[0m[2m:[0m [2my_sweet::server[0m[2m:[0m Received signal. done: false
[2m2026-06-01T07:21:40.474631Z[0m [32m INFO[0m [1msave_loop[0m[1m{[0m[3mdoc_id[0m[2m=[0m"bbe8fd6d-5e18-4d43-8c09-59df7cc7860c"[1m}[0m[2m:[0m [2my_sweet::server[0m[2m:[0m Persisting.
[2m2026-06-01T07:21:40.474644Z[0m [32m INFO[0m [1msave_loop[0m[1m{[0m[3mdoc_id[0m[2m=[0m"instasync-vault"[1m}[0m[2m:[0m [2my_sweet::server[0m[2m:[0m Persisting.
[2m2026-06-01T07:21:40.474651Z[0m [32m INFO[0m [1msave_loop[0m[1m{[0m[3mdoc_id[0m[2m=[0m"bbe8fd6d-5e18-4d43-8c09-59df7cc7860c"[1m}[0m[2m:[0m [2my_sweet_core::sync_kv[0m[2m:[0m Persisting snapshot [3msize[0m[2m=[0m116
[2m2026-06-01T07:21:40.474655Z[0m [32m INFO[0m [1msave_loop[0m[1m{[0m[3mdoc_id[0m[2m=[0m"instasync-vault"[1m}[0m[2m:[0m [2my_sweet_core::sync_kv[0m[2m:[0m Persisting snapshot [3msize[0m[2m=[0m154
[2m2026-06-01T07:21:40.474994Z[0m [32m INFO[0m [1msave_loop[0m[1m{[0m[3mdoc_id[0m[2m=[0m"bbe8fd6d-5e18-4d43-8c09-59df7cc7860c"[1m}[0m[2m:[0m [2my_sweet::server[0m[2m:[0m Done persisting.
[2m2026-06-01T07:21:40.475078Z[0m [32m INFO[0m [1msave_loop[0m[1m{[0m[3mdoc_id[0m[2m=[0m"instasync-vault"[1m}[0m[2m:[0m [2my_sweet::server[0m[2m:[0m Done persisting.
[2m2026-06-01T07:21:50.482025Z[0m [32m INFO[0m [1msave_loop[0m[1m{[0m[3mdoc_id[0m[2m=[0m"instasync-vault"[1m}[0m[2m:[0m [2my_sweet::server[0m[2m:[0m Received signal. done: false
[2m2026-06-01T07:21:50.482034Z[0m [32m INFO[0m [1msave_loop[0m[1m{[0m[3mdoc_id[0m[2m=[0m"bbe8fd6d-5e18-4d43-8c09-59df7cc7860c"[1m}[0m[2m:[0m [2my_sweet::server[0m[2m:[0m Received signal. done: false
[2m2026-06-01T07:21:50.482064Z[0m [32m INFO[0m [1msave_loop[0m[1m{[0m[3mdoc_id[0m[2m=[0m"instasync-vault"[1m}[0m[2m:[0m [2my_sweet::server[0m[2m:[0m Persisting.
[2m2026-06-01T07:21:50.482081Z[0m [32m INFO[0m [1msave_loop[0m[1m{[0m[3mdoc_id[0m[2m=[0m"bbe8fd6d-5e18-4d43-8c09-59df7cc7860c"[1m}[0m[2m:[0m [2my_sweet::server[0m[2m:[0m Persisting.
[2m2026-06-01T07:21:50.482109Z[0m [32m INFO[0m [1msave_loop[0m[1m{[0m[3mdoc_id[0m[2m=[0m"instasync-vault"[1m}[0m[2m:[0m [2my_sweet_core::sync_kv[0m[2m:[0m Persisting snapshot [3msize[0m[2m=[0m154
[2m2026-06-01T07:21:50.482116Z[0m [32m INFO[0m [1msave_loop[0m[1m{[0m[3mdoc_id[0m[2m=[0m"bbe8fd6d-5e18-4d43-8c09-59df7cc7860c"[1m}[0m[2m:[0m [2my_sweet_core::sync_kv[0m[2m:[0m Persisting snapshot [3msize[0m[2m=[0m116
[2m2026-06-01T07:21:50.482628Z[0m [32m INFO[0m [1msave_loop[0m[1m{[0m[3mdoc_id[0m[2m=[0m"instasync-vault"[1m}[0m[2m:[0m [2my_sweet::server[0m[2m:[0m Done persisting.
[2m2026-06-01T07:21:50.482676Z[0m [32m INFO[0m [1msave_loop[0m[1m{[0m[3mdoc_id[0m[2m=[0m"bbe8fd6d-5e18-4d43-8c09-59df7cc7860c"[1m}[0m[2m:[0m [2my_sweet::server[0m[2m:[0m Done persisting.
[2m2026-06-01T07:22:00.490085Z[0m [32m INFO[0m [1msave_loop[0m[1m{[0m[3mdoc_id[0m[2m=[0m"bbe8fd6d-5e18-4d43-8c09-59df7cc7860c"[1m}[0m[2m:[0m [2my_sweet::server[0m[2m:[0m Received signal. done: false
[2m2026-06-01T07:22:00.490111Z[0m [32m INFO[0m [1msave_loop[0m[1m{[0m[3mdoc_id[0m[2m=[0m"bbe8fd6d-5e18-4d43-8c09-59df7cc7860c"[1m}[0m[2m:[0m [2my_sweet::server[0m[2m:[0m Persisting.
[2m2026-06-01T07:22:00.490090Z[0m [32m INFO[0m [1msave_loop[0m[1m{[0m[3mdoc_id[0m[2m=[0m"instasync-vault"[1m}[0m[2m:[0m [2my_sweet::server[0m[2m:[0m Received signal. done: false
[2m2026-06-01T07:22:00.490118Z[0m [32m INFO[0m [1msave_loop[0m[1m{[0m[3mdoc_id[0m[2m=[0m"bbe8fd6d-5e18-4d43-8c09-59df7cc7860c"[1m}[0m[2m:[0m [2my_sweet_core::sync_kv[0m[2m:[0m Persisting snapshot [3msize[0m[2m=[0m116
[2m2026-06-01T07:22:00.490124Z[0m [32m INFO[0m [1msave_loop[0m[1m{[0m[3mdoc_id[0m[2m=[0m"instasync-vault"[1m}[0m[2m:[0m [2my_sweet::server[0m[2m:[0m Persisting.
[2m2026-06-01T07:22:00.490133Z[0m [32m INFO[0m [1msave_loop[0m[1m{[0m[3mdoc_id[0m[2m=[0m"instasync-vault"[1m}[0m[2m:[0m [2my_sweet_core::sync_kv[0m[2m:[0m Persisting snapshot [3msize[0m[2m=[0m154
[2m2026-06-01T07:22:00.490559Z[0m [32m INFO[0m [1msave_loop[0m[1m{[0m[3mdoc_id[0m[2m=[0m"instasync-vault"[1m}[0m[2m:[0m [2my_sweet::server[0m[2m:[0m Done persisting.
[2m2026-06-01T07:22:00.490645Z[0m [32m INFO[0m [1msave_loop[0m[1m{[0m[3mdoc_id[0m[2m=[0m"bbe8fd6d-5e18-4d43-8c09-59df7cc7860c"[1m}[0m[2m:[0m [2my_sweet::server[0m[2m:[0m Done persisting.
[2m2026-06-01T07:22:10.498486Z[0m [32m INFO[0m [1msave_loop[0m[1m{[0m[3mdoc_id[0m[2m=[0m"bbe8fd6d-5e18-4d43-8c09-59df7cc7860c"[1m}[0m[2m:[0m [2my_sweet::server[0m[2m:[0m Received signal. done: false
[2m2026-06-01T07:22:10.498510Z[0m [32m INFO[0m [1msave_loop[0m[1m{[0m[3mdoc_id[0m[2m=[0m"bbe8fd6d-5e18-4d43-8c09-59df7cc7860c"[1m}[0m[2m:[0m [2my_sweet::server[0m[2m:[0m Persisting.
[2m2026-06-01T07:22:10.498486Z[0m [32m INFO[0m [1msave_loop[0m[1m{[0m[3mdoc_id[0m[2m=[0m"instasync-vault"[1m}[0m[2m:[0m [2my_sweet::server[0m[2m:[0m Received signal. done: false
[2m2026-06-01T07:22:10.498518Z[0m [32m INFO[0m [1msave_loop[0m[1m{[0m[3mdoc_id[0m[2m=[0m"bbe8fd6d-5e18-4d43-8c09-59df7cc7860c"[1m}[0m[2m:[0m [2my_sweet_core::sync_kv[0m[2m:[0m Persisting snapshot [3msize[0m[2m=[0m116
[2m2026-06-01T07:22:10.498524Z[0m [32m INFO[0m [1msave_loop[0m[1m{[0m[3mdoc_id[0m[2m=[0m"instasync-vault"[1m}[0m[2m:[0m [2my_sweet::server[0m[2m:[0m Persisting.
[2m2026-06-01T07:22:10.498532Z[0m [32m INFO[0m [1msave_loop[0m[1m{[0m[3mdoc_id[0m[2m=[0m"instasync-vault"[1m}[0m[2m:[0m [2my_sweet_core::sync_kv[0m[2m:[0m Persisting snapshot [3msize[0m[2m=[0m154
[2m2026-06-01T07:22:10.498904Z[0m [32m INFO[0m [1msave_loop[0m[1m{[0m[3mdoc_id[0m[2m=[0m"bbe8fd6d-5e18-4d43-8c09-59df7cc7860c"[1m}[0m[2m:[0m [2my_sweet::server[0m[2m:[0m Done persisting.
[2m2026-06-01T07:22:10.498922Z[0m [32m INFO[0m [1msave_loop[0m[1m{[0m[3mdoc_id[0m[2m=[0m"instasync-vault"[1m}[0m[2m:[0m [2my_sweet::server[0m[2m:[0m Done persisting.
[2m2026-06-01T07:22:20.506470Z[0m [32m INFO[0m [1msave_loop[0m[1m{[0m[3mdoc_id[0m[2m=[0m"instasync-vault"[1m}[0m[2m:[0m [2my_sweet::server[0m[2m:[0m Received signal. done: false
[2m2026-06-01T07:22:20.506481Z[0m [32m INFO[0m [1msave_loop[0m[1m{[0m[3mdoc_id[0m[2m=[0m"bbe8fd6d-5e18-4d43-8c09-59df7cc7860c"[1m}[0m[2m:[0m [2my_sweet::server[0m[2m:[0m Received signal. done: false
[2m2026-06-01T07:22:20.506514Z[0m [32m INFO[0m [1msave_loop[0m[1m{[0m[3mdoc_id[0m[2m=[0m"bbe8fd6d-5e18-4d43-8c09-59df7cc7860c"[1m}[0m[2m:[0m [2my_sweet::server[0m[2m:[0m Persisting.
[2m2026-06-01T07:22:20.506504Z[0m [32m INFO[0m [1msave_loop[0m[1m{[0m[3mdoc_id[0m[2m=[0m"instasync-vault"[1m}[0m[2m:[0m [2my_sweet::server[0m[2m:[0m Persisting.
[2m2026-06-01T07:22:20.506521Z[0m [32m INFO[0m [1msave_loop[0m[1m{[0m[3mdoc_id[0m[2m=[0m"bbe8fd6d-5e18-4d43-8c09-59df7cc7860c"[1m}[0m[2m:[0m [2my_sweet_core::sync_kv[0m[2m:[0m Persisting snapshot [3msize[0m[2m=[0m116
[2m2026-06-01T07:22:20.506530Z[0m [32m INFO[0m [1msave_loop[0m[1m{[0m[3mdoc_id[0m[2m=[0m"instasync-vault"[1m}[0m[2m:[0m [2my_sweet_core::sync_kv[0m[2m:[0m Persisting snapshot [3msize[0m[2m=[0m154
[2m2026-06-01T07:22:20.506914Z[0m [32m INFO[0m [1msave_loop[0m[1m{[0m[3mdoc_id[0m[2m=[0m"bbe8fd6d-5e18-4d43-8c09-59df7cc7860c"[1m}[0m[2m:[0m [2my_sweet::server[0m[2m:[0m Done persisting.
[2m2026-06-01T07:22:20.507031Z[0m [32m INFO[0m [1msave_loop[0m[1m{[0m[3mdoc_id[0m[2m=[0m"instasync-vault"[1m}[0m[2m:[0m [2my_sweet::server[0m[2m:[0m Done persisting.
[2m2026-06-01T07:22:30.509584Z[0m [32m INFO[0m [1msave_loop[0m[1m{[0m[3mdoc_id[0m[2m=[0m"bbe8fd6d-5e18-4d43-8c09-59df7cc7860c"[1m}[0m[2m:[0m [2my_sweet::server[0m[2m:[0m Received signal. done: false
[2m2026-06-01T07:22:30.509605Z[0m [32m INFO[0m [1msave_loop[0m[1m{[0m[3mdoc_id[0m[2m=[0m"bbe8fd6d-5e18-4d43-8c09-59df7cc7860c"[1m}[0m[2m:[0m [2my_sweet::server[0m[2m:[0m Persisting.
[2m2026-06-01T07:22:30.509581Z[0m [32m INFO[0m [1msave_loop[0m[1m{[0m[3mdoc_id[0m[2m=[0m"instasync-vault"[1m}[0m[2m:[0m [2my_sweet::server[0m[2m:[0m Received signal. done: false
[2m2026-06-01T07:22:30.509612Z[0m [32m INFO[0m [1msave_loop[0m[1m{[0m[3mdoc_id[0m[2m=[0m"bbe8fd6d-5e18-4d43-8c09-59df7cc7860c"[1m}[0m[2m:[0m [2my_sweet_core::sync_kv[0m[2m:[0m Persisting snapshot [3msize[0m[2m=[0m116
[2m2026-06-01T07:22:30.509618Z[0m [32m INFO[0m [1msave_loop[0m[1m{[0m[3mdoc_id[0m[2m=[0m"instasync-vault"[1m}[0m[2m:[0m [2my_sweet::server[0m[2m:[0m Persisting.
[2m2026-06-01T07:22:30.509626Z[0m [32m INFO[0m [1msave_loop[0m[1m{[0m[3mdoc_id[0m[2m=[0m"instasync-vault"[1m}[0m[2m:[0m [2my_sweet_core::sync_kv[0m[2m:[0m Persisting snapshot [3msize[0m[2m=[0m154
[2m2026-06-01T07:22:30.509990Z[0m [32m INFO[0m [1msave_loop[0m[1m{[0m[3mdoc_id[0m[2m=[0m"instasync-vault"[1m}[0m[2m:[0m [2my_sweet::server[0m[2m:[0m Done persisting.
[2m2026-06-01T07:22:30.510101Z[0m [32m INFO[0m [1msave_loop[0m[1m{[0m[3mdoc_id[0m[2m=[0m"bbe8fd6d-5e18-4d43-8c09-59df7cc7860c"[1m}[0m[2m:[0m [2my_sweet::server[0m[2m:[0m Done persisting.
[2m2026-06-01T07:22:32.641421Z[0m [32m INFO[0m [1msave_loop[0m[1m{[0m[3mdoc_id[0m[2m=[0m"bbe8fd6d-5e18-4d43-8c09-59df7cc7860c"[1m}[0m[2m:[0m [2my_sweet::server[0m[2m:[0m Received signal. done: false
[2m2026-06-01T07:22:32.641447Z[0m [32m INFO[0m [1msave_loop[0m[1m{[0m[3mdoc_id[0m[2m=[0m"bbe8fd6d-5e18-4d43-8c09-59df7cc7860c"[1m}[0m[2m:[0m [2my_sweet::server[0m[2m:[0m Throttling.
[2m2026-06-01T07:22:40.524405Z[0m [32m INFO[0m [1msave_loop[0m[1m{[0m[3mdoc_id[0m[2m=[0m"instasync-vault"[1m}[0m[2m:[0m [2my_sweet::server[0m[2m:[0m Received signal. done: false
[2m2026-06-01T07:22:40.524430Z[0m [32m INFO[0m [1msave_loop[0m[1m{[0m[3mdoc_id[0m[2m=[0m"instasync-vault"[1m}[0m[2m:[0m [2my_sweet::server[0m[2m:[0m Persisting.
[2m2026-06-01T07:22:40.524405Z[0m [32m INFO[0m [1msave_loop[0m[1m{[0m[3mdoc_id[0m[2m=[0m"bbe8fd6d-5e18-4d43-8c09-59df7cc7860c"[1m}[0m[2m:[0m [2my_sweet::server[0m[2m:[0m Persisting.
[2m2026-06-01T07:22:40.524438Z[0m [32m INFO[0m [1msave_loop[0m[1m{[0m[3mdoc_id[0m[2m=[0m"instasync-vault"[1m}[0m[2m:[0m [2my_sweet_core::sync_kv[0m[2m:[0m Persisting snapshot [3msize[0m[2m=[0m154
[2m2026-06-01T07:22:40.524457Z[0m [32m INFO[0m [1msave_loop[0m[1m{[0m[3mdoc_id[0m[2m=[0m"bbe8fd6d-5e18-4d43-8c09-59df7cc7860c"[1m}[0m[2m:[0m [2my_sweet_core::sync_kv[0m[2m:[0m Persisting snapshot [3msize[0m[2m=[0m118
[2m2026-06-01T07:22:40.524941Z[0m [32m INFO[0m [1msave_loop[0m[1m{[0m[3mdoc_id[0m[2m=[0m"bbe8fd6d-5e18-4d43-8c09-59df7cc7860c"[1m}[0m[2m:[0m [2my_sweet::server[0m[2m:[0m Done persisting.
[2m2026-06-01T07:22:40.524980Z[0m [32m INFO[0m [1msave_loop[0m[1m{[0m[3mdoc_id[0m[2m=[0m"instasync-vault"[1m}[0m[2m:[0m [2my_sweet::server[0m[2m:[0m Done persisting.
[2m2026-06-01T07:22:50.530314Z[0m [32m INFO[0m [1msave_loop[0m[1m{[0m[3mdoc_id[0m[2m=[0m"bbe8fd6d-5e18-4d43-8c09-59df7cc7860c"[1m}[0m[2m:[0m [2my_sweet::server[0m[2m:[0m Received signal. done: false
[2m2026-06-01T07:22:50.530342Z[0m [32m INFO[0m [1msave_loop[0m[1m{[0m[3mdoc_id[0m[2m=[0m"bbe8fd6d-5e18-4d43-8c09-59df7cc7860c"[1m}[0m[2m:[0m [2my_sweet::server[0m[2m:[0m Persisting.
[2m2026-06-01T07:22:50.530323Z[0m [32m INFO[0m [1msave_loop[0m[1m{[0m[3mdoc_id[0m[2m=[0m"instasync-vault"[1m}[0m[2m:[0m [2my_sweet::server[0m[2m:[0m Received signal. done: false
[2m2026-06-01T07:22:50.530353Z[0m [32m INFO[0m [1msave_loop[0m[1m{[0m[3mdoc_id[0m[2m=[0m"bbe8fd6d-5e18-4d43-8c09-59df7cc7860c"[1m}[0m[2m:[0m [2my_sweet_core::sync_kv[0m[2m:[0m Persisting snapshot [3msize[0m[2m=[0m118
[2m2026-06-01T07:22:50.530359Z[0m [32m INFO[0m [1msave_loop[0m[1m{[0m[3mdoc_id[0m[2m=[0m"instasync-vault"[1m}[0m[2m:[0m [2my_sweet::server[0m[2m:[0m Persisting.
[2m2026-06-01T07:22:50.530367Z[0m [32m INFO[0m [1msave_loop[0m[1m{[0m[3mdoc_id[0m[2m=[0m"instasync-vault"[1m}[0m[2m:[0m [2my_sweet_core::sync_kv[0m[2m:[0m Persisting snapshot [3msize[0m[2m=[0m154
[2m2026-06-01T07:22:50.530856Z[0m [32m INFO[0m [1msave_loop[0m[1m{[0m[3mdoc_id[0m[2m=[0m"bbe8fd6d-5e18-4d43-8c09-59df7cc7860c"[1m}[0m[2m:[0m [2my_sweet::server[0m[2m:[0m Done persisting.
[2m2026-06-01T07:22:50.530887Z[0m [32m INFO[0m [1msave_loop[0m[1m{[0m[3mdoc_id[0m[2m=[0m"instasync-vault"[1m}[0m[2m:[0m [2my_sweet::server[0m[2m:[0m Done persisting.
[2m2026-06-01T07:23:00.535209Z[0m [32m INFO[0m [1msave_loop[0m[1m{[0m[3mdoc_id[0m[2m=[0m"bbe8fd6d-5e18-4d43-8c09-59df7cc7860c"[1m}[0m[2m:[0m [2my_sweet::server[0m[2m:[0m Received signal. done: false
[2m2026-06-01T07:23:00.535218Z[0m [32m INFO[0m [1msave_loop[0m[1m{[0m[3mdoc_id[0m[2m=[0m"instasync-vault"[1m}[0m[2m:[0m [2my_sweet::server[0m[2m:[0m Received signal. done: false
[2m2026-06-01T07:23:00.535251Z[0m [32m INFO[0m [1msave_loop[0m[1m{[0m[3mdoc_id[0m[2m=[0m"instasync-vault"[1m}[0m[2m:[0m [2my_sweet::server[0m[2m:[0m Persisting.
[2m2026-06-01T07:23:00.535234Z[0m [32m INFO[0m [1msave_loop[0m[1m{[0m[3mdoc_id[0m[2m=[0m"bbe8fd6d-5e18-4d43-8c09-59df7cc7860c"[1m}[0m[2m:[0m [2my_sweet::server[0m[2m:[0m Persisting.
[2m2026-06-01T07:23:00.535262Z[0m [32m INFO[0m [1msave_loop[0m[1m{[0m[3mdoc_id[0m[2m=[0m"instasync-vault"[1m}[0m[2m:[0m [2my_sweet_core::sync_kv[0m[2m:[0m Persisting snapshot [3msize[0m[2m=[0m154
[2m2026-06-01T07:23:00.535275Z[0m [32m INFO[0m [1msave_loop[0m[1m{[0m[3mdoc_id[0m[2m=[0m"bbe8fd6d-5e18-4d43-8c09-59df7cc7860c"[1m}[0m[2m:[0m [2my_sweet_core::sync_kv[0m[2m:[0m Persisting snapshot [3msize[0m[2m=[0m118
[2m2026-06-01T07:23:00.535775Z[0m [32m INFO[0m [1msave_loop[0m[1m{[0m[3mdoc_id[0m[2m=[0m"instasync-vault"[1m}[0m[2m:[0m [2my_sweet::server[0m[2m:[0m Done persisting.
[2m2026-06-01T07:23:00.536340Z[0m [32m INFO[0m [1msave_loop[0m[1m{[0m[3mdoc_id[0m[2m=[0m"bbe8fd6d-5e18-4d43-8c09-59df7cc7860c"[1m}[0m[2m:[0m [2my_sweet::server[0m[2m:[0m Done persisting.
[2m2026-06-01T07:23:10.541761Z[0m [32m INFO[0m [1msave_loop[0m[1m{[0m[3mdoc_id[0m[2m=[0m"bbe8fd6d-5e18-4d43-8c09-59df7cc7860c"[1m}[0m[2m:[0m [2my_sweet::server[0m[2m:[0m Received signal. done: false
[2m2026-06-01T07:23:10.541796Z[0m [32m INFO[0m [1msave_loop[0m[1m{[0m[3mdoc_id[0m[2m=[0m"bbe8fd6d-5e18-4d43-8c09-59df7cc7860c"[1m}[0m[2m:[0m [2my_sweet::server[0m[2m:[0m Persisting.
[2m2026-06-01T07:23:10.541774Z[0m [32m INFO[0m [1msave_loop[0m[1m{[0m[3mdoc_id[0m[2m=[0m"instasync-vault"[1m}[0m[2m:[0m [2my_sweet::server[0m[2m:[0m Received signal. done: false
[2m2026-06-01T07:23:10.541805Z[0m [32m INFO[0m [1msave_loop[0m[1m{[0m[3mdoc_id[0m[2m=[0m"bbe8fd6d-5e18-4d43-8c09-59df7cc7860c"[1m}[0m[2m:[0m [2my_sweet_core::sync_kv[0m[2m:[0m Persisting snapshot [3msize[0m[2m=[0m118
[2m2026-06-01T07:23:10.541821Z[0m [32m INFO[0m [1msave_loop[0m[1m{[0m[3mdoc_id[0m[2m=[0m"instasync-vault"[1m}[0m[2m:[0m [2my_sweet::server[0m[2m:[0m Persisting.
[2m2026-06-01T07:23:10.541864Z[0m [32m INFO[0m [1msave_loop[0m[1m{[0m[3mdoc_id[0m[2m=[0m"instasync-vault"[1m}[0m[2m:[0m [2my_sweet_core::sync_kv[0m[2m:[0m Persisting snapshot [3msize[0m[2m=[0m154
[2m2026-06-01T07:23:10.542401Z[0m [32m INFO[0m [1msave_loop[0m[1m{[0m[3mdoc_id[0m[2m=[0m"bbe8fd6d-5e18-4d43-8c09-59df7cc7860c"[1m}[0m[2m:[0m [2my_sweet::server[0m[2m:[0m Done persisting.
[2m2026-06-01T07:23:10.542423Z[0m [32m INFO[0m [1msave_loop[0m[1m{[0m[3mdoc_id[0m[2m=[0m"instasync-vault"[1m}[0m[2m:[0m [2my_sweet::server[0m[2m:[0m Done persisting.
[2m2026-06-01T07:23:20.543582Z[0m [32m INFO[0m [1msave_loop[0m[1m{[0m[3mdoc_id[0m[2m=[0m"bbe8fd6d-5e18-4d43-8c09-59df7cc7860c"[1m}[0m[2m:[0m [2my_sweet::server[0m[2m:[0m Received signal. done: false
[2m2026-06-01T07:23:20.543607Z[0m [32m INFO[0m [1msave_loop[0m[1m{[0m[3mdoc_id[0m[2m=[0m"bbe8fd6d-5e18-4d43-8c09-59df7cc7860c"[1m}[0m[2m:[0m [2my_sweet::server[0m[2m:[0m Persisting.
[2m2026-06-01T07:23:20.543580Z[0m [32m INFO[0m [1msave_loop[0m[1m{[0m[3mdoc_id[0m[2m=[0m"instasync-vault"[1m}[0m[2m:[0m [2my_sweet::server[0m[2m:[0m Received signal. done: false
[2m2026-06-01T07:23:20.543615Z[0m [32m INFO[0m [1msave_loop[0m[1m{[0m[3mdoc_id[0m[2m=[0m"bbe8fd6d-5e18-4d43-8c09-59df7cc7860c"[1m}[0m[2m:[0m [2my_sweet_core::sync_kv[0m[2m:[0m Persisting snapshot [3msize[0m[2m=[0m118
[2m2026-06-01T07:23:20.543629Z[0m [32m INFO[0m [1msave_loop[0m[1m{[0m[3mdoc_id[0m[2m=[0m"instasync-vault"[1m}[0m[2m:[0m [2my_sweet::server[0m[2m:[0m Persisting.
[2m2026-06-01T07:23:20.543642Z[0m [32m INFO[0m [1msave_loop[0m[1m{[0m[3mdoc_id[0m[2m=[0m"instasync-vault"[1m}[0m[2m:[0m [2my_sweet_core::sync_kv[0m[2m:[0m Persisting snapshot [3msize[0m[2m=[0m154
[2m2026-06-01T07:23:20.544079Z[0m [32m INFO[0m [1msave_loop[0m[1m{[0m[3mdoc_id[0m[2m=[0m"instasync-vault"[1m}[0m[2m:[0m [2my_sweet::server[0m[2m:[0m Done persisting.
[2m2026-06-01T07:23:20.544208Z[0m [32m INFO[0m [1msave_loop[0m[1m{[0m[3mdoc_id[0m[2m=[0m"bbe8fd6d-5e18-4d43-8c09-59df7cc7860c"[1m}[0m[2m:[0m [2my_sweet::server[0m[2m:[0m Done persisting.
[2m2026-06-01T07:23:30.551987Z[0m [32m INFO[0m [1msave_loop[0m[1m{[0m[3mdoc_id[0m[2m=[0m"bbe8fd6d-5e18-4d43-8c09-59df7cc7860c"[1m}[0m[2m:[0m [2my_sweet::server[0m[2m:[0m Received signal. done: false
[2m2026-06-01T07:23:30.552010Z[0m [32m INFO[0m [1msave_loop[0m[1m{[0m[3mdoc_id[0m[2m=[0m"bbe8fd6d-5e18-4d43-8c09-59df7cc7860c"[1m}[0m[2m:[0m [2my_sweet::server[0m[2m:[0m Persisting.
[2m2026-06-01T07:23:30.551999Z[0m [32m INFO[0m [1msave_loop[0m[1m{[0m[3mdoc_id[0m[2m=[0m"instasync-vault"[1m}[0m[2m:[0m [2my_sweet::server[0m[2m:[0m Received signal. done: false
[2m2026-06-01T07:23:30.552018Z[0m [32m INFO[0m [1msave_loop[0m[1m{[0m[3mdoc_id[0m[2m=[0m"instasync-vault"[1m}[0m[2m:[0m [2my_sweet::server[0m[2m:[0m Persisting.
[2m2026-06-01T07:23:30.552018Z[0m [32m INFO[0m [1msave_loop[0m[1m{[0m[3mdoc_id[0m[2m=[0m"bbe8fd6d-5e18-4d43-8c09-59df7cc7860c"[1m}[0m[2m:[0m [2my_sweet_core::sync_kv[0m[2m:[0m Persisting snapshot [3msize[0m[2m=[0m118
[2m2026-06-01T07:23:30.552024Z[0m [32m INFO[0m [1msave_loop[0m[1m{[0m[3mdoc_id[0m[2m=[0m"instasync-vault"[1m}[0m[2m:[0m [2my_sweet_core::sync_kv[0m[2m:[0m Persisting snapshot [3msize[0m[2m=[0m154
[2m2026-06-01T07:23:30.552440Z[0m [32m INFO[0m [1msave_loop[0m[1m{[0m[3mdoc_id[0m[2m=[0m"bbe8fd6d-5e18-4d43-8c09-59df7cc7860c"[1m}[0m[2m:[0m [2my_sweet::server[0m[2m:[0m Done persisting.
[2m2026-06-01T07:23:30.552514Z[0m [32m INFO[0m [1msave_loop[0m[1m{[0m[3mdoc_id[0m[2m=[0m"instasync-vault"[1m}[0m[2m:[0m [2my_sweet::server[0m[2m:[0m Done persisting.
[2m2026-06-01T07:23:40.567361Z[0m [32m INFO[0m [1msave_loop[0m[1m{[0m[3mdoc_id[0m[2m=[0m"bbe8fd6d-5e18-4d43-8c09-59df7cc7860c"[1m}[0m[2m:[0m [2my_sweet::server[0m[2m:[0m Received signal. done: false
[2m2026-06-01T07:23:40.567369Z[0m [32m INFO[0m [1msave_loop[0m[1m{[0m[3mdoc_id[0m[2m=[0m"instasync-vault"[1m}[0m[2m:[0m [2my_sweet::server[0m[2m:[0m Received signal. done: false
[2m2026-06-01T07:23:40.567421Z[0m [32m INFO[0m [1msave_loop[0m[1m{[0m[3mdoc_id[0m[2m=[0m"bbe8fd6d-5e18-4d43-8c09-59df7cc7860c"[1m}[0m[2m:[0m [2my_sweet::server[0m[2m:[0m Persisting.
[2m2026-06-01T07:23:40.567426Z[0m [32m INFO[0m [1msave_loop[0m[1m{[0m[3mdoc_id[0m[2m=[0m"instasync-vault"[1m}[0m[2m:[0m [2my_sweet::server[0m[2m:[0m Persisting.
[2m2026-06-01T07:23:40.567449Z[0m [32m INFO[0m [1msave_loop[0m[1m{[0m[3mdoc_id[0m[2m=[0m"bbe8fd6d-5e18-4d43-8c09-59df7cc7860c"[1m}[0m[2m:[0m [2my_sweet_core::sync_kv[0m[2m:[0m Persisting snapshot [3msize[0m[2m=[0m118
[2m2026-06-01T07:23:40.567472Z[0m [32m INFO[0m [1msave_loop[0m[1m{[0m[3mdoc_id[0m[2m=[0m"instasync-vault"[1m}[0m[2m:[0m [2my_sweet_core::sync_kv[0m[2m:[0m Persisting snapshot [3msize[0m[2m=[0m154
[2m2026-06-01T07:23:40.567892Z[0m [32m INFO[0m [1msave_loop[0m[1m{[0m[3mdoc_id[0m[2m=[0m"bbe8fd6d-5e18-4d43-8c09-59df7cc7860c"[1m}[0m[2m:[0m [2my_sweet::server[0m[2m:[0m Done persisting.
[2m2026-06-01T07:23:40.568035Z[0m [32m INFO[0m [1msave_loop[0m[1m{[0m[3mdoc_id[0m[2m=[0m"instasync-vault"[1m}[0m[2m:[0m [2my_sweet::server[0m[2m:[0m Done persisting.
[2m2026-06-01T07:23:50.577204Z[0m [32m INFO[0m [1msave_loop[0m[1m{[0m[3mdoc_id[0m[2m=[0m"bbe8fd6d-5e18-4d43-8c09-59df7cc7860c"[1m}[0m[2m:[0m [2my_sweet::server[0m[2m:[0m Received signal. done: false
[2m2026-06-01T07:23:50.577226Z[0m [32m INFO[0m [1msave_loop[0m[1m{[0m[3mdoc_id[0m[2m=[0m"bbe8fd6d-5e18-4d43-8c09-59df7cc7860c"[1m}[0m[2m:[0m [2my_sweet::server[0m[2m:[0m Persisting.
[2m2026-06-01T07:23:50.577223Z[0m [32m INFO[0m [1msave_loop[0m[1m{[0m[3mdoc_id[0m[2m=[0m"instasync-vault"[1m}[0m[2m:[0m [2my_sweet::server[0m[2m:[0m Received signal. done: false
[2m2026-06-01T07:23:50.577233Z[0m [32m INFO[0m [1msave_loop[0m[1m{[0m[3mdoc_id[0m[2m=[0m"bbe8fd6d-5e18-4d43-8c09-59df7cc7860c"[1m}[0m[2m:[0m [2my_sweet_core::sync_kv[0m[2m:[0m Persisting snapshot [3msize[0m[2m=[0m118
[2m2026-06-01T07:23:50.577246Z[0m [32m INFO[0m [1msave_loop[0m[1m{[0m[3mdoc_id[0m[2m=[0m"instasync-vault"[1m}[0m[2m:[0m [2my_sweet::server[0m[2m:[0m Persisting.
[2m2026-06-01T07:23:50.577258Z[0m [32m INFO[0m [1msave_loop[0m[1m{[0m[3mdoc_id[0m[2m=[0m"instasync-vault"[1m}[0m[2m:[0m [2my_sweet_core::sync_kv[0m[2m:[0m Persisting snapshot [3msize[0m[2m=[0m154
[2m2026-06-01T07:23:50.577666Z[0m [32m INFO[0m [1msave_loop[0m[1m{[0m[3mdoc_id[0m[2m=[0m"bbe8fd6d-5e18-4d43-8c09-59df7cc7860c"[1m}[0m[2m:[0m [2my_sweet::server[0m[2m:[0m Done persisting.
[2m2026-06-01T07:23:50.577748Z[0m [32m INFO[0m [1msave_loop[0m[1m{[0m[3mdoc_id[0m[2m=[0m"instasync-vault"[1m}[0m[2m:[0m [2my_sweet::server[0m[2m:[0m Done persisting.
